target,c0,c1,c2,c3,c4,c5,c6,c7,c8,c9,c10,c11,c12,c13,c14,c15,c16,c17,c18,c19,c20,c21,c22,c23,c24,c25,c26,c27,c28,c29,c30,c31,c32,c33,c34,c35,c36,c37,c38,c39,c40,c41,c42,c43,c44,c45,c46,c47,c48,c49
apparatskåp,fräsmaskin,gruvmaskin,hisschakt,hissmaskin,hissmaskineri,hissmaskinrum,kylmaskin,,,,,,,,,,,,,,,,,,,,,,,,,,,,,,,,,,,,,,,,,,,
apparatskåp,huvudjordningsskena,huvudledningsschema,,,,,,,,,,,,,,,,,,,,,,,,,,,,,,,,,,,,,,,,,,,,,,,,
apparatskåp,kontaktormotorskydd,,,,,,,,,,,,,,,,,,,,,,,,,,,,,,,,,,,,,,,,,,,,,,,,,
apparatskåp,driftcentral,elcentral,gruppcentral,huvudcentral,panncentral,reglercentral,,,,,,,,,,,,,,,,,,,,,,,,,,,,,,,,,,,,,,,,,,,,
apparatskåp,hyresgästanpassning,sprinkleranläggning,trafiksignalanläggning,transportanläggning,transporthandling,,,,,,,,,,,,,,,,,,,,,,,,,,,,,,,,,,,,,,,,,,,,,
apparatskåp,funktionsbeskrivning,funktionssamband,,,,,,,,,,,,,,,,,,,,,,,,,,,,,,,,,,,,,,,,,,,,,,,,
apparatskåp,framvägg,gänga,hänsyn,inlägg,läge,pärm,ugn,verktyg,vikt,väg,vägg,väggskåp,väggyta,värde,värme,växel,,,,,,,,,,,,,,,,,,,,,,,,,,,,,,,,,,
apparatskåp,beräkning,färgmärkning,jordning,kabelmärkning,märkband,märkbricka,märkning,norrpil,partmärkning,övervakning,,,,,,,,,,,,,,,,,,,,,,,,,,,,,,,,,,,,,,,,
apparatskåp,inställningsratt,inställningsvärd,uppställningsplats,återställningsknapp,,,,,,,,,,,,,,,,,,,,,,,,,,,,,,,,,,,,,,,,,,,,,,
apparatskåp,beställare,bärverk,plåtslageri,ställdon,ställverk,ställverksrum,tillverkare,,,,,,,,,,,,,,,,,,,,,,,,,,,,,,,,,,,,,,,,,,,
apparatskåp,appretering,avloppshantering,forcering,hopmontering,injustering,integrering,miniminivå,mobilantenn,montering,monteringshål,motionering,planering,reglering,uppdatering,väggmontering,,,,,,,,,,,,,,,,,,,,,,,,,,,,,,,,,,,
apparatskåp,busskabel,dubbeldörr,eltel,gummikabel,kabel,kabelkanal,kabelmantel,kabelrör,kabelskärm,kabelstege,kabeltrumma,kablag,kablage,kamera,kapitel,kraftbehov,kraftkabel,kylbaffel,mobil,sidogavel,skötsel,tabell,,,,,,,,,,,,,,,,,,,,,,,,,,,,
apparatskåp,allmänbelysning,bakgrundsnivå,belastning,belysning,belysningsnivå,belysningsstyrka,belysningsteknik,beskrivning,betongslipers,kabelingång,reservbelysning,systembeteckning,vägbelysning,,,,,,,,,,,,,,,,,,,,,,,,,,,,,,,,,,,,,
apparatskåp,dataskåp,elskåp,hisstyp,mätarskåp,plåtskåp,samråd,skarv,skrubb,skruv,skåp,skåpdörr,skåpstomme,småsak,snäpplås,stopp,stål,tejp,utomhusskåp,önskemål,,,,,,,,,,,,,,,,,,,,,,,,,,,,,,,
apparatskåp,brandutrustning,datautrustning,drivutrustning,elutrustning,förutsättning,granskning,kylutrustning,larmutrustning,signalutrustning,styrutrustning,upprullning,utformning,utrustning,utrustningsdetalj,återställning,,,,,,,,,,,,,,,,,,,,,,,,,,,,,,,,,,,
apparatskåp,anslutning,anslutningsbox,beslutsväg,elanslutning,genomluftning,gnistbildning,kortslutning,nyanskaffning,nätverksanslutning,planritning,skyltning,tillslutning,,,,,,,,,,,,,,,,,,,,,,,,,,,,,,,,,,,,,,
apparatskåp,elkomponent,fordonsdel,industrikomponent,kompetens,komponent,komponentlista,komponenttyp,sortiment,systemkomponent,,,,,,,,,,,,,,,,,,,,,,,,,,,,,,,,,,,,,,,,,
apparatskåp,anläggning,anvisning,användning,elanläggning,förläggning,hissanläggning,infällning,kabelförläggning,kylanläggning,markanläggning,pumpanläggning,tvättanläggning,utloggning,,,,,,,,,,,,,,,,,,,,,,,,,,,,,,,,,,,,,
apparatskåp,anläggningsdel,anläggningsnummer,anläggningsverksamhet,användningsområde,förlängningsdel,tillämpningsexempel,,,,,,,,,,,,,,,,,,,,,,,,,,,,,,,,,,,,,,,,,,,,
apparatskåp,aggregat,apparat,apparatrum,apparattyp,elapparat,kylaggregat,sammarbete,styrapparat,support,uppstart,,,,,,,,,,,,,,,,,,,,,,,,,,,,,,,,,,,,,,,,
apparatskåp,bilaga,elkraft,glastak,hyllie,kilowatt,larmklass,layout,part,plast,plastfodral,plastlaminat,plastrulle,plastskiva,platsbehov,plint,plåt,släplist,test,överlast,,,,,,,,,,,,,,,,,,,,,,,,,,,,,,,
apparatskåp,avställning,avsyning,avsäkring,gruppsäkring,gängsäkring,huvudsäkring,knivsäkring,proppsäkring,säkring,,,,,,,,,,,,,,,,,,,,,,,,,,,,,,,,,,,,,,,,,
apparatskåp,elkonstruktion,instruktion,konstruktion,kontaktfunktion,kontrollfunktion,kraftdistribution,metallkonstruktion,nyproduktion,skötselinstruktion,systemkonstruktion,trädstruktur,underhållsinstruktion,,,,,,,,,,,,,,,,,,,,,,,,,,,,,,,,,,,,,,
apparatskåp,frekvensomformare,frekvensomfång,frekvensomriktare,frekvensomvandlare,,,,,,,,,,,,,,,,,,,,,,,,,,,,,,,,,,,,,,,,,,,,,,
apparatskåp,luftkonditioneringsanläggning,,,,,,,,,,,,,,,,,,,,,,,,,,,,,,,,,,,,,,,,,,,,,,,,,
apparatskåp,autoläge,eluttag,katalog,metall,mätvagn,nätverksuttag,slutmontage,utgång,uttag,uttagsdon,vägguttag,,,,,,,,,,,,,,,,,,,,,,,,,,,,,,,,,,,,,,,
apparatskåp,handbok,omvandlare,skyddskrav,standard,standardlängd,standardtyp,stannplan,starttid,stegljud,stomljud,strömart,svagström,svängarm,,,,,,,,,,,,,,,,,,,,,,,,,,,,,,,,,,,,,
apparatskåp,högspänningsställverk,,,,,,,,,,,,,,,,,,,,,,,,,,,,,,,,,,,,,,,,,,,,,,,,,
apparatskåp,kapslingsklass,kopplingsenhet,kopplingskabel,kopplingsledning,kopplingslåda,kopplingsplint,kopplingsskåp,kopplingstråd,samlingsskena,,,,,,,,,,,,,,,,,,,,,,,,,,,,,,,,,,,,,,,,,
apparatskåp,kyla,kylluft,kylrum,kyltorn,ljusskylt,metallskylt,motorskydd,märkskylt,nattkyla,skola,skydd,skylt,skärm,stolpe,stålplåt,,,,,,,,,,,,,,,,,,,,,,,,,,,,,,,,,,,
apparatskåp,kommunikationsbuss,kommunikationsenhet,kommunikationsgränssnitt,,,,,,,,,,,,,,,,,,,,,,,,,,,,,,,,,,,,,,,,,,,,,,,
apparatskåp,signalkabel,specialkabel,specialskåp,specifikation,,,,,,,,,,,,,,,,,,,,,,,,,,,,,,,,,,,,,,,,,,,,,,
apparatskåp,biutrymme,golvutrymme,maskinutrymme,reservutrymme,rumsnummer,strömskena,teknikutrymme,utdragare,utrymme,utrymmesbehov,,,,,,,,,,,,,,,,,,,,,,,,,,,,,,,,,,,,,,,,
apparatskåp,elinstallation,elinstallationsregel,elinstallatör,hissinstallation,installation,installationsgolv,installationstid,installatör,likriktarstation,maskininstallation,nyinstallation,polykristallin,rörinstallation,säkerhetsinstallation,teleinstallation,,,,,,,,,,,,,,,,,,,,,,,,,,,,,,,,,,,
apparatskåp,applikation,dokumentation,kanalisation,köksventilation,presentation,pumpstation,realtidsklocka,ventilation,ventilationshuv,ventilhus,,,,,,,,,,,,,,,,,,,,,,,,,,,,,,,,,,,,,,,,
apparatskåp,anpassningsenhet,anslutningsenhet,anslutningskontakt,anslutningsplint,anslutningssladd,anslutningsspänning,kortslutningseffekt,kortslutningsström,övervakningsenhet,,,,,,,,,,,,,,,,,,,,,,,,,,,,,,,,,,,,,,,,,
apparatskåp,amperemeter,tångamperemeter,,,,,,,,,,,,,,,,,,,,,,,,,,,,,,,,,,,,,,,,,,,,,,,,
apparatskåp,buntning,bygling,elmatning,fabrikant,inmatning,kraftmatning,kraftring,kylning,lösning,maskin,matning,mätning,mätpunkt,provning,silning,utmatning,,,,,,,,,,,,,,,,,,,,,,,,,,,,,,,,,,
apparatskåp,behovsstyrning,frekvensstyrning,maskinstyrning,processanläggning,processtyrning,projektering,varvtalsstyrning,,,,,,,,,,,,,,,,,,,,,,,,,,,,,,,,,,,,,,,,,,,
apparatskåp,serverrum,service,servicebok,servicepunkt,servo,skarvpunkt,,,,,,,,,,,,,,,,,,,,,,,,,,,,,,,,,,,,,,,,,,,,
apparatskåp,batteri,batteribackup,caverion,elmaterial,fackpersonal,handterminal,material,materiel,matkällare,minuspol,motorkabel,motorrum,påverkan,ytmaterial,,,,,,,,,,,,,,,,,,,,,,,,,,,,,,,,,,,,
apparatskåp,moduluppbyggnad,systemuppbyggnad,systemutbyggnad,,,,,,,,,,,,,,,,,,,,,,,,,,,,,,,,,,,,,,,,,,,,,,,
apparatskåp,värmecentral,värmekabel,värmepump,värmeslinga,värmespiral,värmeväxlare,,,,,,,,,,,,,,,,,,,,,,,,,,,,,,,,,,,,,,,,,,,,
apparatskåp,brandegenskap,dokumentskåp,industriändamål,instrumenter,instrumentskåp,instrumenttavla,,,,,,,,,,,,,,,,,,,,,,,,,,,,,,,,,,,,,,,,,,,,
apparatskåp,elsäkerhetslag,säkerhetskontakt,säkerhetskopia,säkerhetskrets,säkerhetsmodul,säkerhetsrelä,,,,,,,,,,,,,,,,,,,,,,,,,,,,,,,,,,,,,,,,,,,,
apparatskåp,elförbindelse,miljöbetingelse,,,,,,,,,,,,,,,,,,,,,,,,,,,,,,,,,,,,,,,,,,,,,,,,
apparatskåp,elvärme,vinkelfäste,växeldriv,växelriktare,växelventil,växelvärme,,,,,,,,,,,,,,,,,,,,,,,,,,,,,,,,,,,,,,,,,,,,
apparatskåp,operatörspanel,temperaturgivare,temperaturnivå,temperaturregulator,temperaturspann,temperaturstyrning,,,,,,,,,,,,,,,,,,,,,,,,,,,,,,,,,,,,,,,,,,,,
apparatskåp,differenstryck,elleverantör,hellermanntyton,ledarantal,leverans,leverantör,,,,,,,,,,,,,,,,,,,,,,,,,,,,,,,,,,,,,,,,,,,,
apparatskåp,adress,broms,bvs,fas,frys,frysrum,fräs,hiss,parhus,pris,referens,,,,,,,,,,,,,,,,,,,,,,,,,,,,,,,,,,,,,,,
apparatskåp,brandgasfläkt,fabrikat,felläge,fjärr,flik,fläkt,fläktrum,jordfläta,kylfläkt,luft,takfläkt,tilluftsfläkt,,,,,,,,,,,,,,,,,,,,,,,,,,,,,,,,,,,,,,
apparatskåp,beläggningssystem,fördelningssystem,järnvägssektor,kopplingssystem,montagesystem,vägningssystem,värmepumpssystem,övervakningssystem,,,,,,,,,,,,,,,,,,,,,,,,,,,,,,,,,,,,,,,,,,
apparatskåp,klenspänning,lågspänning,matningsspänning,skärmning,spiralslang,spolslang,spänning,spänningsnivå,styrning,störning,susning,ursparning,,,,,,,,,,,,,,,,,,,,,,,,,,,,,,,,,,,,,,
apparatskåp,driftindikering,driftingenjör,driftoptimering,driftsättning,lägesindikering,,,,,,,,,,,,,,,,,,,,,,,,,,,,,,,,,,,,,,,,,,,,,
apparatskåp,beröringsskydd,överspänningsskydd,överströmsskydd,,,,,,,,,,,,,,,,,,,,,,,,,,,,,,,,,,,,,,,,,,,,,,,
apparatskåp,isolationstransformator,skyddstransformator,spänningstransformator,,,,,,,,,,,,,,,,,,,,,,,,,,,,,,,,,,,,,,,,,,,,,,,
apparatskåp,värmeavgivning,värmeavledning,värmeelement,vätskekylning,,,,,,,,,,,,,,,,,,,,,,,,,,,,,,,,,,,,,,,,,,,,,,
apparatskåp,nätverkskommunikation,,,,,,,,,,,,,,,,,,,,,,,,,,,,,,,,,,,,,,,,,,,,,,,,,
apparatskåp,drift,driftavbrott,driftdon,driftlarm,driftplats,driftprov,drifttid,motordrift,norsjö,nöddrift,nödkraft,ritn,tyristor,ändring,översikt,,,,,,,,,,,,,,,,,,,,,,,,,,,,,,,,,,,
apparatskåp,fastighetsautomation,fastighetsdrift,fastighetsskötare,fastighetsteknik,hastighetsbegränsare,,,,,,,,,,,,,,,,,,,,,,,,,,,,,,,,,,,,,,,,,,,,,
apparatskåp,ahlsell,figur,filter,filteryta,fältbuss,kvalitet,luftljud,miljö,nätfilter,tillbehör,timer,,,,,,,,,,,,,,,,,,,,,,,,,,,,,,,,,,,,,,,
apparatskåp,enkelledare,fasledare,hållare,jordledare,kopparledare,neutralledare,nolledare,nolläge,oljetanke,skyddsledare,voltmätare,,,,,,,,,,,,,,,,,,,,,,,,,,,,,,,,,,,,,,,
apparatskåp,bortfall,downloads,fundament,honkontakt,kondens,kontakt,kontaktor,kostnad,larmkontakt,montage,myndighetskontakt,rökdetektor,väggmontage,,,,,,,,,,,,,,,,,,,,,,,,,,,,,,,,,,,,,
apparatskåp,kostnadsbesparing,tidsbesparing,tidsstyrning,,,,,,,,,,,,,,,,,,,,,,,,,,,,,,,,,,,,,,,,,,,,,,,
apparatskåp,industriapplikation,industriautomation,industrielektriker,,,,,,,,,,,,,,,,,,,,,,,,,,,,,,,,,,,,,,,,,,,,,,,
apparatskåp,projektkoordinator,projektsamordnare,,,,,,,,,,,,,,,,,,,,,,,,,,,,,,,,,,,,,,,,,,,,,,,,
apparatskåp,byggnadsnummer,byggnadsstomme,ombyggnadssats,,,,,,,,,,,,,,,,,,,,,,,,,,,,,,,,,,,,,,,,,,,,,,,
apparatskåp,reglerfunktion,tillvalsfunktion,tilläggsfunktion,,,,,,,,,,,,,,,,,,,,,,,,,,,,,,,,,,,,,,,,,,,,,,,
apparatskåp,anm,dörrpanel,energi,info,innehåll,nyckel,paket,panel,panna,pannrum,personal,solpanel,trainee,,,,,,,,,,,,,,,,,,,,,,,,,,,,,,,,,,,,,
apparatskåp,acm,avloppspump,elpump,elrum,pulpet,pump,pumpgrop,pumphus,rullramp,,,,,,,,,,,,,,,,,,,,,,,,,,,,,,,,,,,,,,,,,
apparatskåp,arbetsbrytare,arbetsglädje,effektbrytare,jordfelsbrytare,motorskyddsbrytare,säkerhetsbrytare,,,,,,,,,,,,,,,,,,,,,,,,,,,,,,,,,,,,,,,,,,,,
apparatskåp,kontaktledningsanläggning,övervakningsanläggning,övervakningsfunktion,,,,,,,,,,,,,,,,,,,,,,,,,,,,,,,,,,,,,,,,,,,,,,,
apparatskåp,kontrollkabel,kontrollpanel,,,,,,,,,,,,,,,,,,,,,,,,,,,,,,,,,,,,,,,,,,,,,,,,
apparatskåp,affärsrelation,information,omformare,omformarstation,reparation,statusinformation,vibration,,,,,,,,,,,,,,,,,,,,,,,,,,,,,,,,,,,,,,,,,,,
apparatskåp,närsjukhus,objekttyp,produkt,projekt,projektör,,,,,,,,,,,,,,,,,,,,,,,,,,,,,,,,,,,,,,,,,,,,,
apparatskåp,dieselaggregat,spänningsaggregat,stängselaggregat,,,,,,,,,,,,,,,,,,,,,,,,,,,,,,,,,,,,,,,,,,,,,,,
apparatskåp,elscheman,flödesschema,kretsschema,modem,schakt,schema,siemens,ståhöjd,switchen,,,,,,,,,,,,,,,,,,,,,,,,,,,,,,,,,,,,,,,,,
apparatskåp,analysatorer,bakstycke,batterisystem,bromsmotstånd,brosystem,bussystem,centralsystem,driftsystem,elkraftssystem,elvärmesystem,hissystem,kylsystem,polyester,reglersystem,rörpostsystem,styrsystem,system,vakuumsystem,,,,,,,,,,,,,,,,,,,,,,,,,,,,,,,,
apparatskåp,dräneringspump,monteringsarbete,monteringsmaskin,monteringsplats,monteringssats,mottagningsstation,orienteringsplan,,,,,,,,,,,,,,,,,,,,,,,,,,,,,,,,,,,,,,,,,,,
apparatskåp,apr,backlampa,bsab,cab,förkunskap,gas,jan,kap,kmk,kod,korg,kran,krav,kund,kvalité,kwh,köp,mapp,nvp,pdf,ram,tak,vvs,,,,,,,,,,,,,,,,,,,,,,,,,,,
apparatskåp,block,boverk,fack,golv,golvsockel,jobb,lack,larm,lcp,lock,locums,logo,lucka,modul,rack,sockel,,,,,,,,,,,,,,,,,,,,,,,,,,,,,,,,,,
apparatskåp,dörrkarm,etikett,fönsterdekor,hisskorg,simkort,skyddsform,stororder,styrdon,styrkabel,styrkort,styrkrets,styrmodul,tryckluft,,,,,,,,,,,,,,,,,,,,,,,,,,,,,,,,,,,,,
apparatskåp,fuktgivare,givare,mjukgörare,mjukstartar,måttangivelse,pulsgivare,,,,,,,,,,,,,,,,,,,,,,,,,,,,,,,,,,,,,,,,,,,,
apparatskåp,kommunikationsutrustning,ventilationsanläggning,ventilationsutrustning,ventilationsöppning,,,,,,,,,,,,,,,,,,,,,,,,,,,,,,,,,,,,,,,,,,,,,,
apparatskåp,effektmätning,energimätare,energimätning,strömmätning,,,,,,,,,,,,,,,,,,,,,,,,,,,,,,,,,,,,,,,,,,,,,,
apparatskåp,centralenhet,datorenhet,erfarenhet,kylenhet,rumsenhet,strypventil,styrenhet,styrventil,systemdel,säkerhet,,,,,,,,,,,,,,,,,,,,,,,,,,,,,,,,,,,,,,,,
apparatskåp,bortkoppling,elkapsling,elkoppling,förkopplingsdon,inkoppling,kapsling,komplettering,kopparledning,koppling,livslängd,omkopplare,stapling,överkoppling,,,,,,,,,,,,,,,,,,,,,,,,,,,,,,,,,,,,,
apparatskåp,borrvagn,brytare,brännbarhet,dvärgbrytare,förångare,huvudbrytare,hårdvara,larmsändare,likriktare,nyttjare,omriktare,strömbrytare,,,,,,,,,,,,,,,,,,,,,,,,,,,,,,,,,,,,,,
apparatskåp,potentialutjämningsskena,,,,,,,,,,,,,,,,,,,,,,,,,,,,,,,,,,,,,,,,,,,,,,,,,
apparatskåp,driftentreprenör,elentreprenör,entreprenad,entreprenadgräns,entreprenör,felfrekvens,rörentreprenör,underentreprenör,,,,,,,,,,,,,,,,,,,,,,,,,,,,,,,,,,,,,,,,,,
apparatskåp,förbindning,fördelning,fördröjningstid,föreskrift,förskruvning,gruppförteckning,kraftfördelning,körfältssignal,tidsfördröjning,zonindelning,,,,,,,,,,,,,,,,,,,,,,,,,,,,,,,,,,,,,,,,
apparatskåp,elbutik,elmontör,elmotor,elmätare,golvmodell,kuggväxelmotor,pumpmotor,regulator,termistor,termografi,termostat,trefasmotor,,,,,,,,,,,,,,,,,,,,,,,,,,,,,,,,,,,,,,
apparatskåp,applikationsområde,dagvattenbrunn,dilatationsfog,operationsrum,operationssal,reparationsarbete,,,,,,,,,,,,,,,,,,,,,,,,,,,,,,,,,,,,,,,,,,,,
apparatskåp,arbetshöjd,armatur,arthur,garantitid,larmtråd,ljusarmatur,lysrörsarmatur,semafor,tastatur,,,,,,,,,,,,,,,,,,,,,,,,,,,,,,,,,,,,,,,,,
apparatskåp,elektriker,elektronik,elektronikbox,elektronikenhet,elektronikkomponent,kraftelektronik,,,,,,,,,,,,,,,,,,,,,,,,,,,,,,,,,,,,,,,,,,,,
apparatskåp,direktupphandling,luftbehandling,luftbehandlingssystem,luftkylning,,,,,,,,,,,,,,,,,,,,,,,,,,,,,,,,,,,,,,,,,,,,,,
apparatskåp,dataledning,eldning,elledning,felsökning,gruppledning,helhetslösning,huvudledning,huvudmeny,legotillverkning,lindning,rörledning,signalledning,teleledning,,,,,,,,,,,,,,,,,,,,,,,,,,,,,,,,,,,,,
apparatskåp,resetknapp,stoppknapp,testknapp,tryckknapp,,,,,,,,,,,,,,,,,,,,,,,,,,,,,,,,,,,,,,,,,,,,,,
apparatskåp,normalkraft,reservdel,reservkapacitet,reservkraft,reservplats,,,,,,,,,,,,,,,,,,,,,,,,,,,,,,,,,,,,,,,,,,,,,
apparatskåp,bearbetningsmaskin,förpackningsmaskin,,,,,,,,,,,,,,,,,,,,,,,,,,,,,,,,,,,,,,,,,,,,,,,,
apparatskåp,golvtemperatur,innertemperatur,omgivningstemperatur,rumstemperatur,rökgastemperatur,systemintegratör,temperatur,,,,,,,,,,,,,,,,,,,,,,,,,,,,,,,,,,,,,,,,,,,
apparatskåp,blandningskärl,bredbandstjänst,ledningsarea,ledningslängd,ledningsnät,reningsverk,tillverkningsdatum,öppningstid,,,,,,,,,,,,,,,,,,,,,,,,,,,,,,,,,,,,,,,,,,
apparatskåp,livsmedelssäkerhet,,,,,,,,,,,,,,,,,,,,,,,,,,,,,,,,,,,,,,,,,,,,,,,,,
apparatskåp,kompetensområde,kompressor,komprimator,kondensor,kylkompressor,,,,,,,,,,,,,,,,,,,,,,,,,,,,,,,,,,,,,,,,,,,,,
apparatskåp,design,display,fästdon,insida,minussida,resultatsida,uppsida,utsida,,,,,,,,,,,,,,,,,,,,,,,,,,,,,,,,,,,,,,,,,,
apparatskåp,avstängningsanordning,belysningsanordning,uppvärmningsanordning,,,,,,,,,,,,,,,,,,,,,,,,,,,,,,,,,,,,,,,,,,,,,,,
apparatskåp,arbetsplatsbelysning,,,,,,,,,,,,,,,,,,,,,,,,,,,,,,,,,,,,,,,,,,,,,,,,,
apparatskåp,datorprogramvara,programmering,programvara,,,,,,,,,,,,,,,,,,,,,,,,,,,,,,,,,,,,,,,,,,,,,,,
apparatskåp,brandskyddsförening,,,,,,,,,,,,,,,,,,,,,,,,,,,,,,,,,,,,,,,,,,,,,,,,,
apparatskåp,metallhalogenlampa,,,,,,,,,,,,,,,,,,,,,,,,,,,,,,,,,,,,,,,,,,,,,,,,,
apparatskåp,spridningsvinkel,strålningsvärme,upplysningsmärke,,,,,,,,,,,,,,,,,,,,,,,,,,,,,,,,,,,,,,,,,,,,,,,
apparatskåp,drivanordning,manöveranordning,mätanordning,skyddsjordning,skötselanvisning,standardlösning,styranordning,traktordriven,,,,,,,,,,,,,,,,,,,,,,,,,,,,,,,,,,,,,,,,,,
apparatskåp,behörighet,enlighet,fastighet,förlusteffekt,regionchef,rikshem,riktantenn,riktighet,röktäthet,trafiksignal,yrkesstolthet,,,,,,,,,,,,,,,,,,,,,,,,,,,,,,,,,,,,,,,
apparatskåp,alternativ,automat,automatik,automatikskåp,automation,,,,,,,,,,,,,,,,,,,,,,,,,,,,,,,,,,,,,,,,,,,,,
apparatskåp,automationslösning,automationssystem,automationsteknik,automatisering,automatsäkring,klimatisering,,,,,,,,,,,,,,,,,,,,,,,,,,,,,,,,,,,,,,,,,,,,
apparatskåp,hannovermässa,manövercentral,manöverhandtag,manöverknapp,manöverpanel,manöverplats,manöverpulpet,manöverskåp,manöversystem,manövertavla,,,,,,,,,,,,,,,,,,,,,,,,,,,,,,,,,,,,,,,,
apparatskåp,handreglage,pådrag,underhåll,underlag,undertak,,,,,,,,,,,,,,,,,,,,,,,,,,,,,,,,,,,,,,,,,,,,,
apparatskåp,behov,bräddavlopp,data,dataformat,datanät,dator,datordel,datum,detalj,detektor,dörr,flödesregulator,kategori,kontor,moderator,nödstopp,radiator,sensor,stativ,webbyrå,,,,,,,,,,,,,,,,,,,,,,,,,,,,,,
apparatskåp,direktiv,ljusteknik,styrteknik,takräck,teknik,teknikhus,teknikintresse,teknikrum,ventil,,,,,,,,,,,,,,,,,,,,,,,,,,,,,,,,,,,,,,,,,
apparatskåp,installationselektriker,installationsinstruktion,installationsmanual,installationsmateriel,,,,,,,,,,,,,,,,,,,,,,,,,,,,,,,,,,,,,,,,,,,,,,
apparatskåp,analysutrustning,elektronikutrustning,kontrollutrustning,kopplingsutrustning,manöverutrustning,reglerutrustning,reningsutrustning,ritningsförteckning,sanitetsutrustning,övervakningsutrustning,,,,,,,,,,,,,,,,,,,,,,,,,,,,,,,,,,,,,,,,
apparatskåp,starkströmsföreskrift,strömförbrukare,strömförsörja,strömförsörjning,,,,,,,,,,,,,,,,,,,,,,,,,,,,,,,,,,,,,,,,,,,,,,
apparatskåp,anfört_arbete,effektivitet,effektuttag,selektivitet,,,,,,,,,,,,,,,,,,,,,,,,,,,,,,,,,,,,,,,,,,,,,,
apparatskåp,eldragning,framdragning,hydraulhiss,indikering,indragning,industriel,kabeldragning,ledningsdragning,principritning,sekundärlindning,uppdragsnamn,,,,,,,,,,,,,,,,,,,,,,,,,,,,,,,,,,,,,,,
apparatskåp,protokoll,provningsprotokoll,testprotokoll,,,,,,,,,,,,,,,,,,,,,,,,,,,,,,,,,,,,,,,,,,,,,,,
apparatskåp,avfallsförbränning,,,,,,,,,,,,,,,,,,,,,,,,,,,,,,,,,,,,,,,,,,,,,,,,,
apparatskåp,bild,desk,eec,flextid,hydro,hölje,lager,led,lux,lysdiod,låda,lås,låsvred,mcd,mått,nät,oljebad,relä,sek,sld,tele,texthöjd,ärende,,,,,,,,,,,,,,,,,,,,,,,,,,,
apparatskåp,bottenplåt,expansionskort,transformator,transport,transportbana,transportsystem,,,,,,,,,,,,,,,,,,,,,,,,,,,,,,,,,,,,,,,,,,,,
apparatskåp,bilbransch,bransch,elbransch,,,,,,,,,,,,,,,,,,,,,,,,,,,,,,,,,,,,,,,,,,,,,,,
barriär,livsmedelsverk,naturvårdverk,råvattentäkt,ytvattenförekomst,ytvattenverk,,,,,,,,,,,,,,,,,,,,,,,,,,,,,,,,,,,,,,,,,,,,,
barriär,djupförvar,högreservoar,kranförare,mjukgörare,slutförvar,slutförvaring,,,,,,,,,,,,,,,,,,,,,,,,,,,,,,,,,,,,,,,,,,,,
barriär,akvifären,dagvatten,lakvatten,lastplattform,länsvatten,råvatten,takplatta,älvvatten,ölandssten,,,,,,,,,,,,,,,,,,,,,,,,,,,,,,,,,,,,,,,,,
barriär,genomsläpplighet,passagemöjlighet,pendlingsmöjlighet,rekreationsmöjlighet,rörelsemöjlighet,tillgänglighet,,,,,,,,,,,,,,,,,,,,,,,,,,,,,,,,,,,,,,,,,,,,
barriär,benskydd,dammskydd,flamskydd,kladd,krockskydd,ohyra,skola,skred,skruv,skydd,skyddszon,skärm,stötskydd,växtskydd,,,,,,,,,,,,,,,,,,,,,,,,,,,,,,,,,,,,
barriär,fagrabäcksrondell,,,,,,,,,,,,,,,,,,,,,,,,,,,,,,,,,,,,,,,,,,,,,,,,,
barriär,dricksvattenproduktion,vattenproduktion,,,,,,,,,,,,,,,,,,,,,,,,,,,,,,,,,,,,,,,,,,,,,,,,
barriär,livsmedelsförpackning,,,,,,,,,,,,,,,,,,,,,,,,,,,,,,,,,,,,,,,,,,,,,,,,,
barriär,membranfiltrering,ultrafilter,ultrafiltrering,ultraljudssensor,,,,,,,,,,,,,,,,,,,,,,,,,,,,,,,,,,,,,,,,,,,,,,
barriär,barriärverkan,degersel,götatunnel,magnetventil,material,materiallager,materialskikt,motorcyklist,mätprogram,naturmark,påverkan,skyltmaterial,yttersida,,,,,,,,,,,,,,,,,,,,,,,,,,,,,,,,,,,,,
barriär,arbesko,biltrafik,fordonstrafik,kloramin,spårtrafik,teknik,trafik,trappa,tryck,trädridå,trätek,tunis,,,,,,,,,,,,,,,,,,,,,,,,,,,,,,,,,,,,,,
barriär,badvattenkvalitet,råvattenkvalitet,,,,,,,,,,,,,,,,,,,,,,,,,,,,,,,,,,,,,,,,,,,,,,,,
barriär,kvalitetsfaktor,påverkansfaktor,skyddsbarriär,skyddsfaktor,skyddsfordon,solskyddsfaktor,tågskyddssystem,,,,,,,,,,,,,,,,,,,,,,,,,,,,,,,,,,,,,,,,,,,
barriär,arlandabana,hafsyta,hammarbyskog,hamnbana,humushalt,hvarannan,höjddata,klimatanalys,massbalans,simrishamnsbana,,,,,,,,,,,,,,,,,,,,,,,,,,,,,,,,,,,,,,,,
barriär,drivanordning,skyddsanordning,spärranordning,stoppanordning,överrapportering,,,,,,,,,,,,,,,,,,,,,,,,,,,,,,,,,,,,,,,,,,,,,
barriär,alternativ,balsamterpentin,blommönster,cytostatika,enterokock,vägalternativ,,,,,,,,,,,,,,,,,,,,,,,,,,,,,,,,,,,,,,,,,,,,
barriär,anläggning,antändning,användning,brygganläggning,dammsugning,energilagring,fastläggning,inläggssula,plastbeläggning,tunnelmynning,väganläggning,,,,,,,,,,,,,,,,,,,,,,,,,,,,,,,,,,,,,,,
barriär,bullersynpunkt,hälsosynpunkt,naturvårdssynpunkt,,,,,,,,,,,,,,,,,,,,,,,,,,,,,,,,,,,,,,,,,,,,,,,
barriär,anslutning,anslutningsspår,backspolning,finputsning,flödesmotstånd,formsättning,friluftsliv,företagsinterna,förorening,förpackning,förslutning,förutsättning,grönlutslam,sidoförskjutning,,,,,,,,,,,,,,,,,,,,,,,,,,,,,,,,,,,,
barriär,temperaturbeständighet,,,,,,,,,,,,,,,,,,,,,,,,,,,,,,,,,,,,,,,,,,,,,,,,,
barriär,förankringssystem,parkeringssystem,prioriteringslista,uppsamlingssystem,,,,,,,,,,,,,,,,,,,,,,,,,,,,,,,,,,,,,,,,,,,,,,
barriär,logistiklösning,långtidsuppföljning,mobilstrålning,tekniklösning,,,,,,,,,,,,,,,,,,,,,,,,,,,,,,,,,,,,,,,,,,,,,,
barriär,balkongräcken,godsbefordran,knästycke,mitträcke,rinnebäck,sidoräcke,sidoräcken,smidesräcke,spärrhake,viltolycka,,,,,,,,,,,,,,,,,,,,,,,,,,,,,,,,,,,,,,,,
barriär,grundvattenströmning,laserstrålning,platsundersökning,vattenhantering,vatteninträngning,vattenströmning,,,,,,,,,,,,,,,,,,,,,,,,,,,,,,,,,,,,,,,,,,,,
barriär,djupdragning,nyckelknippa,nydragning,spårdragning,vägdragning,,,,,,,,,,,,,,,,,,,,,,,,,,,,,,,,,,,,,,,,,,,,,
barriär,busskörfält,grobarhet,kylkrets,kärnsäkerhet,orienterbarhet,räckestyp,schaktarbet,skalpell,skoterled,strålsäkerhet,säkerhet,sänktunnel,trafiksäkerhet,täthet,vårdverksamhet,yrkesstolthet,,,,,,,,,,,,,,,,,,,,,,,,,,,,,,,,,,
barriär,spridningsförutsättning,spridningskorridor,spridningsrisk,spridningsväg,strålningsvärme,strömningsriktning,vandringsväg,,,,,,,,,,,,,,,,,,,,,,,,,,,,,,,,,,,,,,,,,,,
barriär,bergtäckning,centrumutveckling,igensättning,tunnelsträckning,överdäckning,överdäckningen,överfyllning,översilning,översvämningsskydd,övertäckning,,,,,,,,,,,,,,,,,,,,,,,,,,,,,,,,,,,,,,,,
barriär,deponiområde,depåområde,planområde,spärrområde,spårområd,spårområde,,,,,,,,,,,,,,,,,,,,,,,,,,,,,,,,,,,,,,,,,,,,
barriär,akustikprodukt,beredskap,ekodukt,favoritprodukt,krockdämpare,målpunkt,primärkrets,produkt,produkttyp,projekt,specialprodukt,,,,,,,,,,,,,,,,,,,,,,,,,,,,,,,,,,,,,,,
barriär,certifikat,cykeltrafikant,gångtrafikant,klaffventil,trafikant,trafikhinder,trafikintensitet,trafikmängd,trafikskylt,trappgrind,,,,,,,,,,,,,,,,,,,,,,,,,,,,,,,,,,,,,,,,
barriär,barriäreffekt,framgångsrecept,korsningspunkt,reningseffekt,reningsprocess,reningssteg,reningstekniker,,,,,,,,,,,,,,,,,,,,,,,,,,,,,,,,,,,,,,,,,,,
barriär,dricksvatten,dricksvattennät,dricksvattentäkt,,,,,,,,,,,,,,,,,,,,,,,,,,,,,,,,,,,,,,,,,,,,,,,
barriär,brunnsvatten,grundvatten,grundvattentäkt,grundvattenverk,grundvattenzon,resandeutbyte,,,,,,,,,,,,,,,,,,,,,,,,,,,,,,,,,,,,,,,,,,,,
barriär,trafiksäkerhetsproblem,,,,,,,,,,,,,,,,,,,,,,,,,,,,,,,,,,,,,,,,,,,,,,,,,
barriär,plattformsförbindelse,växelförbindelse,växlingsrörelse,,,,,,,,,,,,,,,,,,,,,,,,,,,,,,,,,,,,,,,,,,,,,,,
barriär,kulturlämning,miljöprövning,uppfuktning,uppgrävning,upprullning,urgrävning,,,,,,,,,,,,,,,,,,,,,,,,,,,,,,,,,,,,,,,,,,,,
barriär,krossgrus,landsgräns,planområdesgräns,sandmorän,zongräns,,,,,,,,,,,,,,,,,,,,,,,,,,,,,,,,,,,,,,,,,,,,,
barriär,delfråga,dygn,flöde,gate,golvbjälke,hyllie,hölje,inläckage,lager,lerlager,läckage,läge,läm,länsor,nuläge,pluggare,ränteläge,stängsel,viltstängsel,väg,vägg,ägen,,,,,,,,,,,,,,,,,,,,,,,,,,,,
barriär,bevakningspersonal,provtagningsprogram,,,,,,,,,,,,,,,,,,,,,,,,,,,,,,,,,,,,,,,,,,,,,,,,
barriär,balkongfront,bottenyta,frontalkrock,kollit,kompensator,konfliktpunkt,konsekvens,kontakt,kontakttid,kornhall,kortnamn,montage,målkonflikt,riskobjekt,,,,,,,,,,,,,,,,,,,,,,,,,,,,,,,,,,,,
barriär,avskärmning,avspärrning,bullerstörning,driftstörning,miljöstörning,påkörning,sparging,stjälpning,stolsrygg,strömgenomgång,stödlinje,störning,tering,urspårning,utformning,återfyllning,,,,,,,,,,,,,,,,,,,,,,,,,,,,,,,,,,
barriär,belysningsanordning,framdrivningsanordning,,,,,,,,,,,,,,,,,,,,,,,,,,,,,,,,,,,,,,,,,,,,,,,,
barriär,fasadkonstruktion,konstruktion,konstruktionsprincip,skyddskonstruktion,övergångskonstruktion,,,,,,,,,,,,,,,,,,,,,,,,,,,,,,,,,,,,,,,,,,,,,
barriär,konduktivitet,produktionseffektivitet,produktionsskog,produktionssystem,produktionsyta,,,,,,,,,,,,,,,,,,,,,,,,,,,,,,,,,,,,,,,,,,,,,
barriär,dörr,gas,krav,kryp,köp,mbp,pce,ppf,prp,prång,ram,rtb,sorn,tak,trä,,,,,,,,,,,,,,,,,,,,,,,,,,,,,,,,,,,
barriär,dragongata,häftklamrar,trafikfara,trafikflöde,trafikföring,trafiksiffra,trafikstråk,trafikverk,täckfärg,vägtrafikolycka,,,,,,,,,,,,,,,,,,,,,,,,,,,,,,,,,,,,,,,,
barriär,energianvändning,resursanvändning,rullstolsanvändare,,,,,,,,,,,,,,,,,,,,,,,,,,,,,,,,,,,,,,,,,,,,,,,
barriär,sandsäck,skyddsbågen,skyddsfärg,skyddsförmåga,skyddsklädsel,skyddsram,skyddsrock,skyddsräck,skyddsräcke,skyddsräl,skyddssträcka,skyddstak,skyddsåtgärd,vädersträck,,,,,,,,,,,,,,,,,,,,,,,,,,,,,,,,,,,,
barriär,centrifugering,fuktinträngning,genomträngning,instängning,inträngning,intrången,nysträckning,trängning,,,,,,,,,,,,,,,,,,,,,,,,,,,,,,,,,,,,,,,,,,
barriär,miljöinstitut,miljömålssystem,miljönytta,,,,,,,,,,,,,,,,,,,,,,,,,,,,,,,,,,,,,,,,,,,,,,,
barriär,användarperspektiv,barnperspektiv,miljöperspektiv,tidseffektiv,tidsperspektiv,åskådarperspektiv,,,,,,,,,,,,,,,,,,,,,,,,,,,,,,,,,,,,,,,,,,,,
barriär,behov,bentonit,betong,betongbarriär,bioekonomi,deponi,haväng,hävstång,kordong,kupong,ledstång,åbergstorp,,,,,,,,,,,,,,,,,,,,,,,,,,,,,,,,,,,,,,
barriär,kunskapsläge,landskapsanalys,landskapsbild,landskapselement,landskapskaraktär,landskapsnivå,landskapsrum,myndighetsnivå,,,,,,,,,,,,,,,,,,,,,,,,,,,,,,,,,,,,,,,,,,
barriär,hundhår,rundstål,rutinunderhåll,underhåll,underlag,vinterunderhåll,,,,,,,,,,,,,,,,,,,,,,,,,,,,,,,,,,,,,,,,,,,,
barriär,bränslebesparing,fraktionering,försignalering,granplantering,granulering,grundisolering,minimering,strandfodring,terrassering,zirkoniumlegering,,,,,,,,,,,,,,,,,,,,,,,,,,,,,,,,,,,,,,,,
barriär,kvalitetsskillnad,nivåskillnad,,,,,,,,,,,,,,,,,,,,,,,,,,,,,,,,,,,,,,,,,,,,,,,,
barriär,cykelstråke,duschtvål,fogbruk,grönstråk,hålstorlek,industrimark,intrång,maxström,ogräs,porstorlek,skoterspår,skranka,skurupark,smitväg,ssmfs,stik,stråk,styrpunkt,stänk,stätta,stål,stålbalk,söråker,älvsträcka,,,,,,,,,,,,,,,,,,,,,,,,,,
barriär,bromsprov,dalport,luftspärr,lägesrapport,malmtransport,markanspråk,organowood,pressbord,rapport,ringpärm,struntprat,transport,transporttid,tvärstopp,utgångsström,,,,,,,,,,,,,,,,,,,,,,,,,,,,,,,,,,,
barriär,applicering,barngrind,deponering,draperi,isolering,kontaminering,lagringstank,marksanering,parkering,pendlingen,planering,plaståtervinning,problematisering,rennäring,saneringsplan,slammängd,slentrian,taxering,,,,,,,,,,,,,,,,,,,,,,,,,,,,,,,,
barriär,havsvattennivå,högvattennivå,högvattenstånd,,,,,,,,,,,,,,,,,,,,,,,,,,,,,,,,,,,,,,,,,,,,,,,
barriär,markvegetation,närrekreation,perkolation,rekreation,riskreduktion,vibration,,,,,,,,,,,,,,,,,,,,,,,,,,,,,,,,,,,,,,,,,,,,
barriär,boendemiljö,hyrbilen,järlaled,miljö,naturmiljö,närmiljö,parkmiljö,tätortsmiljö,,,,,,,,,,,,,,,,,,,,,,,,,,,,,,,,,,,,,,,,,,
barriär,föroreningskoncentration,föroreningskälla,föroreningsmängd,föroreningsspridning,störningskälla,,,,,,,,,,,,,,,,,,,,,,,,,,,,,,,,,,,,,,,,,,,,,
barriär,akvifer,avsteg,buffert,buller,bylte,emittent,falutorg,figur,filter,filterteknik,flyttled,foder,fönster,isolator,mittrefug,mittremsa,mögelgifter,sidomur,silverjon,system,vilplan,willis,,,,,,,,,,,,,,,,,,,,,,,,,,,,
barriär,isolationsavstånd,stationsentré,stationsmiljö,,,,,,,,,,,,,,,,,,,,,,,,,,,,,,,,,,,,,,,,,,,,,,,
barriär,givare,gränsvärde,räcke,tidsvärde,vadd,vägdike,väggregel,väghinder,vägräcke,vändkors,värde,värmdöled,värme,åtgärd,,,,,,,,,,,,,,,,,,,,,,,,,,,,,,,,,,,,
barriär,erosionsproblem,korrosionsangrepp,korrosionsprocess,nedbrytningsprocess,,,,,,,,,,,,,,,,,,,,,,,,,,,,,,,,,,,,,,,,,,,,,,
barriär,asfaltläggare,avgränsare,överblickbarhet,överliggare,,,,,,,,,,,,,,,,,,,,,,,,,,,,,,,,,,,,,,,,,,,,,,
barriär,grundvattenmagasin,grundvattenmagasinen,,,,,,,,,,,,,,,,,,,,,,,,,,,,,,,,,,,,,,,,,,,,,,,,
barriär,etableringskostnad,etableringsyta,hanteringskostnad,,,,,,,,,,,,,,,,,,,,,,,,,,,,,,,,,,,,,,,,,,,,,,,
barriär,adsorption,infiltration,information,installation,internkommunikation,sidokollision,synonymlexikon,älvsborgsbron,,,,,,,,,,,,,,,,,,,,,,,,,,,,,,,,,,,,,,,,,,
barriär,säkerhetsanalys,säkerhetsbarriär,säkerhetseffekt,säkerhetsfunktion,säkerhetsgrind,säkerhetsperspektiv,säkerhetsrapport,säkerhetsrutin,säkerhetsstängsel,säkerhetssystem,,,,,,,,,,,,,,,,,,,,,,,,,,,,,,,,,,,,,,,,
barriär,damning,fuktnivå,färentunaväg,inkontinens,invallning,kaninbur,kantning,kantskoning,kantverk,komfortnivå,komponent,koppling,luftblandning,mattkniv,patina,småtting,spontning,tippning,,,,,,,,,,,,,,,,,,,,,,,,,,,,,,,,
barriär,bedömning,begränsning,beredning,beräkning,beskrivning,betygsättning,bottentätning,bränsle,modellberäkning,,,,,,,,,,,,,,,,,,,,,,,,,,,,,,,,,,,,,,,,,
barriär,butylgummi,golvutrymme,otrygghet,utrymme,utrymmessnål,,,,,,,,,,,,,,,,,,,,,,,,,,,,,,,,,,,,,,,,,,,,,
barriär,elmontör,expertkunskap,grässvål,hårspänne,kärnavfall,ortsanalys,permeabla,personal,personresa,scenarioanalys,överslag,,,,,,,,,,,,,,,,,,,,,,,,,,,,,,,,,,,,,,,
barriär,arbetsbredd,arbetsplats,nederbördsdata,vägarbetsplats,,,,,,,,,,,,,,,,,,,,,,,,,,,,,,,,,,,,,,,,,,,,,,
barriär,agroetanol,avfall,matvagn,metall,metallisering,metallnät,metallyta,tabell,,,,,,,,,,,,,,,,,,,,,,,,,,,,,,,,,,,,,,,,,,
barriär,entreprenadarbete,pappersarbete,programarbete,projektsamarbete,provresultaten,,,,,,,,,,,,,,,,,,,,,,,,,,,,,,,,,,,,,,,,,,,,,
barriär,avfallsmaterial,ballastmaterial,fibermaterial,filtermaterial,polymermaterial,,,,,,,,,,,,,,,,,,,,,,,,,,,,,,,,,,,,,,,,,,,,,
barriär,distributionsanläggning,infrastrukturanläggning,serviceanläggning,slutförvarsanläggning,trafikanläggning,trafikanordning,trafikbelastning,trafikförändring,trafikriktning,återvinningsanläggning,,,,,,,,,,,,,,,,,,,,,,,,,,,,,,,,,,,,,,,,
barriär,astat,bild,dike,fukt,genomsikt,halt,miska,rinntid,sikt,silon,skikt,smuts,småbiotop,spont,staket,suicid,såll,tätskikt,utsida,vikt,,,,,,,,,,,,,,,,,,,,,,,,,,,,,,
barriär,axelhöjd,hänsyn,inlösen,kabelskärm,marieholmsbro,mellanfärg,melsen,möllenäs,tejpen,värmeleverans,,,,,,,,,,,,,,,,,,,,,,,,,,,,,,,,,,,,,,,,
barriär,väghållningsmyndighet,,,,,,,,,,,,,,,,,,,,,,,,,,,,,,,,,,,,,,,,,,,,,,,,,
barriär,bebyggelseområde,trygghetskänsla,utbyggnadsområde,utfyllnadsområde,utströmningsområde,,,,,,,,,,,,,,,,,,,,,,,,,,,,,,,,,,,,,,,,,,,,,
barriär,drift,driftavbrott,driftfall,driftskede,dörrlist,föreskrift,grind,luft,normaldrift,nöddrift,risk,rubb,rörbrott,tripod,,,,,,,,,,,,,,,,,,,,,,,,,,,,,,,,,,,,
barriär,desinficering,ihopkoppling,inaktivering,injektering,investeringsram,jetinjektering,kinnekullebana,konkretisering,linjedetektor,riskexponering,sedimentering,vindsisolering,,,,,,,,,,,,,,,,,,,,,,,,,,,,,,,,,,,,,,
barriär,björkväg,cykelpassager,cykelsadel,cykelturism,cykelväg,ekeröväg,lokalväg,nyckelfråga,råbyväg,solnaväg,växjöväg,,,,,,,,,,,,,,,,,,,,,,,,,,,,,,,,,,,,,,,
barriär,dräneringsdike,dräneringsskikt,mineralullsskiva,,,,,,,,,,,,,,,,,,,,,,,,,,,,,,,,,,,,,,,,,,,,,,,
barriär,gatustruktur,grönstruktur,infrastruktur,kvartersstruktur,stadsstruktur,trafikinfrastruktur,trästruktur,västkustväg,,,,,,,,,,,,,,,,,,,,,,,,,,,,,,,,,,,,,,,,,,
barriär,detaljutformning,stationsutformning,ventilationsutrustning,,,,,,,,,,,,,,,,,,,,,,,,,,,,,,,,,,,,,,,,,,,,,,,
barriär,boett,bostad,butik,fog,fordon,foto,fotocell,golv,hedefors,kommu,lotion,mto,osmos,ådt,ångform,,,,,,,,,,,,,,,,,,,,,,,,,,,,,,,,,,,
barriär,förfallodag,förfarande,förvaringspåse,mördarsnigel,terrängförhållande,testförfarande,,,,,,,,,,,,,,,,,,,,,,,,,,,,,,,,,,,,,,,,,,,,
barriär,grundvattenflöde,returflöde,vattenarbete,vattenflöde,vattenförlust,vattenspel,värmeflöde,,,,,,,,,,,,,,,,,,,,,,,,,,,,,,,,,,,,,,,,,,,
barriär,backaryd,baddare,bandage,bandsåg,banners,barnvagn,brytare,elhandlare,gårdag,handsvett,jordlager,mantåg,oceanhamn,sandlager,undantagsregel,,,,,,,,,,,,,,,,,,,,,,,,,,,,,,,,,,,
barriär,driftsystem,drivsystem,hybridsystem,linbanesystem,portsystem,primärsystem,spricksystem,taksystem,trafiksystem,,,,,,,,,,,,,,,,,,,,,,,,,,,,,,,,,,,,,,,,,
barriär,funktionskrave,funktionsmål,funktionsområde,järnvägsområde,saneringsområde,,,,,,,,,,,,,,,,,,,,,,,,,,,,,,,,,,,,,,,,,,,,,
barriär,beständighet,effektivitet,fastighet,framkomlighet,följsamhet,gånghastighet,mäktighet,rimlighet,skälighet,stadsmässighet,,,,,,,,,,,,,,,,,,,,,,,,,,,,,,,,,,,,,,,,
barriär,rekreationsvärd,rekreationsvärde,rekreationsyta,sedimentationsdamm,ventilationstorn,,,,,,,,,,,,,,,,,,,,,,,,,,,,,,,,,,,,,,,,,,,,,
barriär,direktavkastning,olycksutredning,processlösning,tryckavlastning,,,,,,,,,,,,,,,,,,,,,,,,,,,,,,,,,,,,,,,,,,,,,,
barriär,materialsammansättning,,,,,,,,,,,,,,,,,,,,,,,,,,,,,,,,,,,,,,,,,,,,,,,,,
barriär,enkätstudie,genomfartstrafik,huvudstudie,händelseträd,insatstid,motsatsord,mätavstånd,responstid,verksamhetsbidrag,,,,,,,,,,,,,,,,,,,,,,,,,,,,,,,,,,,,,,,,,
barriär,avvisarlist,kemikalie,kopparkapsel,köptillfälle,processkemikalie,skademekanism,vedkamin,,,,,,,,,,,,,,,,,,,,,,,,,,,,,,,,,,,,,,,,,,,
barriär,dubbelspårsutbyggnad,,,,,,,,,,,,,,,,,,,,,,,,,,,,,,,,,,,,,,,,,,,,,,,,,
barriär,kretsloppsanpassning,specialanpassning,specialsnickeri,terränganpassning,,,,,,,,,,,,,,,,,,,,,,,,,,,,,,,,,,,,,,,,,,,,,,
barriär,lokalförsörjning,personalförsörjning,,,,,,,,,,,,,,,,,,,,,,,,,,,,,,,,,,,,,,,,,,,,,,,,
barriär,anm,cred,csk,djupled,hamnled,kund,lds,led,ledarm,lera,lundbyled,löddra,mån,olja,rotebroled,sidled,tensid,tjocklek,,,,,,,,,,,,,,,,,,,,,,,,,,,,,,,,
barriär,brobana,järnvägsbank,tvärbalk,vägavsnitt,vägbana,vägbom,vägkropp,väglänk,vägutbyggnad,vägyta,,,,,,,,,,,,,,,,,,,,,,,,,,,,,,,,,,,,,,,,
barriär,infiltrationskapacitet,,,,,,,,,,,,,,,,,,,,,,,,,,,,,,,,,,,,,,,,,,,,,,,,,
barriär,display,glas,glastak,haag,plansteg,plast,plastavfall,plastduk,plastfiber,plastskiva,slänt,spygatt,stålkant,vagnslast,,,,,,,,,,,,,,,,,,,,,,,,,,,,,,,,,,,,
barriär,analys,dörrblad,fuktbalans,turbons,utblick,utblås,utbytesord,utegård,utsläpp,webbpris,,,,,,,,,,,,,,,,,,,,,,,,,,,,,,,,,,,,,,,,
barriär,förpackningsmaterial,,,,,,,,,,,,,,,,,,,,,,,,,,,,,,,,,,,,,,,,,,,,,,,,,
barriär,bröstning,fällning,grumling,köbildning,lösning,murningen,risknivå,rotfyllning,rörvägg,rötangrepp,rötning,tjältining,tätning,,,,,,,,,,,,,,,,,,,,,,,,,,,,,,,,,,,,,
barriär,fyllmedel,golvregel,köldmedel,prismodell,rödgredelin,styrmedel,,,,,,,,,,,,,,,,,,,,,,,,,,,,,,,,,,,,,,,,,,,,
barriär,akropolis,biocid,bromsfel,bussfil,gummiprofil,jordprofil,klövvilt,mobil,profil,prövotid,spårbil,vägprofil,,,,,,,,,,,,,,,,,,,,,,,,,,,,,,,,,,,,,,
barriär,bullerkrav,bullerplank,bullerskydd,bullerskydden,bullerskärm,bullervall,gallergrind,halvarsgård,splitterskydd,,,,,,,,,,,,,,,,,,,,,,,,,,,,,,,,,,,,,,,,,
barriär,klordioxid,korridor,kurvatur,norrbro,skurubron,vägkorridor,,,,,,,,,,,,,,,,,,,,,,,,,,,,,,,,,,,,,,,,,,,,
barriär,asfaltsyta,avfallsdeponi,avfallshierarki,avfallstyp,avloppsrör,avloppsutsläpp,jordfallsbro,kärnavfallsråd,,,,,,,,,,,,,,,,,,,,,,,,,,,,,,,,,,,,,,,,,,
barriär,anordning,avkörning,avledning,avrinning,avskiljning,avåkning,gasledning,kraftledningsgata,snabbladdning,utlakning,utloppsledning,utredning,,,,,,,,,,,,,,,,,,,,,,,,,,,,,,,,,,,,,,
barriär,formstabilitet,långtidsstabilitet,permeabilitet,,,,,,,,,,,,,,,,,,,,,,,,,,,,,,,,,,,,,,,,,,,,,,,
barriär,flödeskapacitet,kapacitet,kapacitetsklass,kapacitetsproblem,kapillaritet,kraftpapper,kvalitet,nanopartikel,porositet,spårkapacitet,turbiditet,,,,,,,,,,,,,,,,,,,,,,,,,,,,,,,,,,,,,,,
barriär,dammexplosion,deflektion,desinfektion,desorption,detektion,ejektor,elektronikdel,hjälptelefon,retention,systemfunktion,zenerdiod,,,,,,,,,,,,,,,,,,,,,,,,,,,,,,,,,,,,,,,
barriär,bakläxa,basolja,bengtsbrohöljen,boolean,kokosolja,köksgolv,mötesolycka,radionuklid,teakolja,,,,,,,,,,,,,,,,,,,,,,,,,,,,,,,,,,,,,,,,,
barriär,andningsförmåga,gjutningsarbet,integrationsarbete,ledningsarbete,utvecklingsinsats,,,,,,,,,,,,,,,,,,,,,,,,,,,,,,,,,,,,,,,,,,,,,
barriär,branschstandard,extender,stadsrum,standard,standardelement,stenmjöl,strandzon,ståldörr,testledare,,,,,,,,,,,,,,,,,,,,,,,,,,,,,,,,,,,,,,,,,
barriär,absorbenter,leverantör,membraner,membranfilter,membranteknik,temperatur,,,,,,,,,,,,,,,,,,,,,,,,,,,,,,,,,,,,,,,,,,,,
bild,bakgrundsbild,bakgrundsljus,bakgrundsstörning,,,,,,,,,,,,,,,,,,,,,,,,,,,,,,,,,,,,,,,,,,,,,,,
bild,beslutsångest,bildhastighet,fullständighet,skrivhastighet,,,,,,,,,,,,,,,,,,,,,,,,,,,,,,,,,,,,,,,,,,,,,,
bild,batterikapacitet,bildgalleri,bildkavalkad,bildkvalitet,bildkvalité,byggkvalitet,delkapitel,silvervatten,stålkvalitet,utskriftskvalitet,videokvalitet,,,,,,,,,,,,,,,,,,,,,,,,,,,,,,,,,,,,,,,
bild,bildalbum,bildgåta,bildsida,bildskärm,bildspel,bildtext,bildvisning,bilträff,bilvård,dörrsida,facebooksida,fotosida,plussida,vindskiva,wikipedia,ämnesdidaktik,,,,,,,,,,,,,,,,,,,,,,,,,,,,,,,,,,
bild,bildstabilisator,bildstabilisering,visualisering,webbpublicering,,,,,,,,,,,,,,,,,,,,,,,,,,,,,,,,,,,,,,,,,,,,,,
bild,alby,bäbis,deals,dls,dröse,dublett,duk,eggelse,elskåp,epost,esso,fup,gsp,helg,ilägg,kjells,klipsch,klyv,lcd,lhm,llb,lsf,slits,spl,ståndfals,såfall,timells,uhd,utblås,våd,,,,,,,,,,,,,,,,,,,,
bild,dubbelgarage,dubbelklick,dubbelklicka,,,,,,,,,,,,,,,,,,,,,,,,,,,,,,,,,,,,,,,,,,,,,,,
bild,bildtävling,dammuppsamling,filmsamling,flygbildstolkning,länksamling,,,,,,,,,,,,,,,,,,,,,,,,,,,,,,,,,,,,,,,,,,,,,
bild,bildstorlek,filstorlek,indikatorklocka,minnesstorlek,originalstorlek,telefonbok,,,,,,,,,,,,,,,,,,,,,,,,,,,,,,,,,,,,,,,,,,,,
bild,fotoalbum,fotoblogg,fotodiod,fotoklubb,fotokopia,fotokurs,veteranklubb,,,,,,,,,,,,,,,,,,,,,,,,,,,,,,,,,,,,,,,,,,,
bild,framtidsbild,framtidsbransch,hårddiskkrasch,skogsbransch,,,,,,,,,,,,,,,,,,,,,,,,,,,,,,,,,,,,,,,,,,,,,,
bild,användarvillkor,halvledardetektor,,,,,,,,,,,,,,,,,,,,,,,,,,,,,,,,,,,,,,,,,,,,,,,,
bild,atelje,backup,cementrör,ekfaner,fartkamera,faxnummer,hävert,kabelschakt,kablag,kaffepaus,kamera,kameralins,kameramodul,kamerateknik,karburator,kokeri,lackerare,larmoperatör,laserdata,mathias,pandrol,pardörr,skadeplats,systemkamera,undermapp,webbkamera,,,,,,,,,,,,,,,,,,,,,,,,
bild,kamerainställning,utskriftsinställning,,,,,,,,,,,,,,,,,,,,,,,,,,,,,,,,,,,,,,,,,,,,,,,,
bild,digitalkamera,mobilkamera,motivkategori,polaroidkamera,trafikkamera,,,,,,,,,,,,,,,,,,,,,,,,,,,,,,,,,,,,,,,,,,,,,
bild,ljudmaterial,pressmaterial,ritningsmaterial,skyltmaterial,,,,,,,,,,,,,,,,,,,,,,,,,,,,,,,,,,,,,,,,,,,,,,
bild,röntgensjuksköterska,,,,,,,,,,,,,,,,,,,,,,,,,,,,,,,,,,,,,,,,,,,,,,,,,
bild,skrivbordsunderlägg,,,,,,,,,,,,,,,,,,,,,,,,,,,,,,,,,,,,,,,,,,,,,,,,,
bild,säkerhetsbygel,säkerhetsgrupp,,,,,,,,,,,,,,,,,,,,,,,,,,,,,,,,,,,,,,,,,,,,,,,,
bild,televisionskamera,televisionsmottagare,övervakningskamera,,,,,,,,,,,,,,,,,,,,,,,,,,,,,,,,,,,,,,,,,,,,,,,
bild,blinkersrelä,efterbild,miniatyrbild,skogenbild,sommarbild,vinterbild,vinterbilder,vänsterpil,,,,,,,,,,,,,,,,,,,,,,,,,,,,,,,,,,,,,,,,,,
bild,betraktningsvinkel,,,,,,,,,,,,,,,,,,,,,,,,,,,,,,,,,,,,,,,,,,,,,,,,,
bild,aov,boel,cred,div,drev,eif,föråd,grej,hemn,hmmmm,hrv,hyrvagn,häng,kfv,kram,kuf,movik,phl,servot,sidhuvud,srr,tfv,turbo,url,,,,,,,,,,,,,,,,,,,,,,,,,,
bild,glasbranschförening,,,,,,,,,,,,,,,,,,,,,,,,,,,,,,,,,,,,,,,,,,,,,,,,,
bild,artikelregister,bildfönster,bildförhållande,bildsystem,bilfönster,huvudfönster,köksfönster,virkmönster,,,,,,,,,,,,,,,,,,,,,,,,,,,,,,,,,,,,,,,,,,
bild,beläte,designhotell,estet,försteg,lantstil,ledskena,lyftbygel,memoryspel,menyval,nedåtpil,nätdel,pumpventil,testpanel,trätek,tvifvelsutan,vattenstämpel,verktygsfält,vestel,vimmel,vätskebur,wengström,åkerstedts,,,,,,,,,,,,,,,,,,,,,,,,,,,,
bild,krittavla,lefnadsår,linsvätska,luffarslöjd,luftbrunn,luftmaska,rullmaskin,slutdatum,,,,,,,,,,,,,,,,,,,,,,,,,,,,,,,,,,,,,,,,,,
bild,bildbehandling,bildhantering,bildredigering,brusreducering,,,,,,,,,,,,,,,,,,,,,,,,,,,,,,,,,,,,,,,,,,,,,,
bild,assemblin,byline,googling,jordslinga,krysspejling,medbringare,regling,reseguide,resturang,retusch,rökutveckling,torpedvägg,utrullning,,,,,,,,,,,,,,,,,,,,,,,,,,,,,,,,,,,,,
bild,lokaltelefon,textdokument,texttelefoni,trottelventil,,,,,,,,,,,,,,,,,,,,,,,,,,,,,,,,,,,,,,,,,,,,,,
bild,asgari,dator,drägter,farstubro,gradäng,gratisapp,klassik,laxstjärt,marantz,nätadapter,ohmmeter,passepartout,rapsfält,raster,rattlås,rattstång,rökgasrör,röntgenapparat,röntgenrör,slöjdalster,snattare,spygatter,tagetes,taltid,trailerns,trästaket,varistor,webbmaster,,,,,,,,,,,,,,,,,,,,,,
bild,hallandsåsprojekt,,,,,,,,,,,,,,,,,,,,,,,,,,,,,,,,,,,,,,,,,,,,,,,,,
bild,dataräddning,fotoframkallning,fotohistoria,fototeknik,fototidning,fototävling,fotoutmaning,färgkodning,förtändning,korttidsuthyrning,vattenavledning,,,,,,,,,,,,,,,,,,,,,,,,,,,,,,,,,,,,,,,
bild,kommunikationsprogram,,,,,,,,,,,,,,,,,,,,,,,,,,,,,,,,,,,,,,,,,,,,,,,,,
bild,bedömningsstöd,redovisningssed,rundmatningsbord,årsredovisningslag,,,,,,,,,,,,,,,,,,,,,,,,,,,,,,,,,,,,,,,,,,,,,,
bild,hussvamp,markradag,masonit,murkärna,musknapp,resetknapp,riskklass,rumskänsla,spärrknapp,urklipp,volymknapp,,,,,,,,,,,,,,,,,,,,,,,,,,,,,,,,,,,,,,,
bild,förlustkoefficient,,,,,,,,,,,,,,,,,,,,,,,,,,,,,,,,,,,,,,,,,,,,,,,,,
bild,dagspris,dudzik,emojis,hyperloop,nettopris,norrpil,nyhamn,nypris,nässén,profin,ångrör,ögongodis,,,,,,,,,,,,,,,,,,,,,,,,,,,,,,,,,,,,,,
bild,drömhem,dörrhål,förtjenst,hyrcykel,hålaxel,knivaxel,norrgavel,röraxel,rörända,,,,,,,,,,,,,,,,,,,,,,,,,,,,,,,,,,,,,,,,,
bild,faktatext,fortkörare,fotogalleri,fotopapper,fototapet,logotype,nockpanna,otäthet,,,,,,,,,,,,,,,,,,,,,,,,,,,,,,,,,,,,,,,,,,
bild,korrespondenskort,,,,,,,,,,,,,,,,,,,,,,,,,,,,,,,,,,,,,,,,,,,,,,,,,
bild,boklok,bruksskick,fniss,klick,musklick,nyinköp,nyskick,skick,skjut,skuggeffekt,snäckhjul,spårko,synk,tiff,,,,,,,,,,,,,,,,,,,,,,,,,,,,,,,,,,,,
bild,bakstycke,bjurström,däckstryck,eftertryck,illustrator,industriväxel,ljustavla,ljustryck,lyftstropp,,,,,,,,,,,,,,,,,,,,,,,,,,,,,,,,,,,,,,,,,
bild,dejting,dejtingsajt,dejtingsida,direktlänk,doning,minsting,mojäng,nederkant,nätdejting,oljning,,,,,,,,,,,,,,,,,,,,,,,,,,,,,,,,,,,,,,,,
bild,långtidsexponering,,,,,,,,,,,,,,,,,,,,,,,,,,,,,,,,,,,,,,,,,,,,,,,,,
bild,budgetmodell,cykelfält,höjdprofil,mediefil,sidofält,sidolob,spårprofil,videobild,videofil,videoklipp,vidvinkel,,,,,,,,,,,,,,,,,,,,,,,,,,,,,,,,,,,,,,,
bild,arbetsavstånd,läktavstånd,manskapsbod,minimiavstånd,originalkartong,regelavstånd,resursåtgång,riskavstånd,skruvstäd,,,,,,,,,,,,,,,,,,,,,,,,,,,,,,,,,,,,,,,,,
bild,rekryteringsverktyg,,,,,,,,,,,,,,,,,,,,,,,,,,,,,,,,,,,,,,,,,,,,,,,,,
bild,absorbenten,absorbenterna,,,,,,,,,,,,,,,,,,,,,,,,,,,,,,,,,,,,,,,,,,,,,,,,
bild,hemelektronik,ljusreflektion,miljöstation,nätverksfunktion,sökfunktion,tvärsektion,väggsektion,översiktsbild,,,,,,,,,,,,,,,,,,,,,,,,,,,,,,,,,,,,,,,,,,
bild,förbiseende,förbudsområde,företagsadress,förförståelse,förskolemiljö,försäkringsärende,rörelseområde,spårviddshinder,,,,,,,,,,,,,,,,,,,,,,,,,,,,,,,,,,,,,,,,,,
bild,percentil,produkttext,projector,projektor,provtagar,videoprojektor,ånggenerator,,,,,,,,,,,,,,,,,,,,,,,,,,,,,,,,,,,,,,,,,,,
bild,vindrutespolarmunstycke,,,,,,,,,,,,,,,,,,,,,,,,,,,,,,,,,,,,,,,,,,,,,,,,,
bild,blockdiagram,histogram,instagramkonto,jättegärna,pantograf,pictogram,piktogram,pissoar,ritprogram,spiraltrappa,,,,,,,,,,,,,,,,,,,,,,,,,,,,,,,,,,,,,,,,
bild,kontaktledningsstolpe,kraftledningsstolpe,trafikledningscentral,,,,,,,,,,,,,,,,,,,,,,,,,,,,,,,,,,,,,,,,,,,,,,,
bild,inspelningsfunktion,återställningsfunktion,,,,,,,,,,,,,,,,,,,,,,,,,,,,,,,,,,,,,,,,,,,,,,,,
bild,grangolv,gripskopa,gruppfoto,gråkort,gröngräs,larmrapport,skolkort,tackkort,trådnät,,,,,,,,,,,,,,,,,,,,,,,,,,,,,,,,,,,,,,,,,
bild,glaskassett,glaslins,idéskiss,planskiss,plexiglasskiva,pressklipp,principskiss,,,,,,,,,,,,,,,,,,,,,,,,,,,,,,,,,,,,,,,,,,,
bild,batterienhet,diskenhet,eldenhet,hydraulenhet,lagringsenhet,materialprover,mediaenhet,mediakontakt,medieinnehåll,specialbehandla,årskalender,,,,,,,,,,,,,,,,,,,,,,,,,,,,,,,,,,,,,,,
bild,armémuseum,formalia,hemmabio,hemmabion,hemmabygge,hemmanätverk,semafor,tågradio,,,,,,,,,,,,,,,,,,,,,,,,,,,,,,,,,,,,,,,,,,
bild,ankarpunkt,fokuspunkt,smörjpunkt,,,,,,,,,,,,,,,,,,,,,,,,,,,,,,,,,,,,,,,,,,,,,,,
bild,beställningsadress,,,,,,,,,,,,,,,,,,,,,,,,,,,,,,,,,,,,,,,,,,,,,,,,,
bild,informationsfolder,informationssyfte,polarisationsfilter,,,,,,,,,,,,,,,,,,,,,,,,,,,,,,,,,,,,,,,,,,,,,,,
bild,felskrivning,genomskärning,kaninunge,maskinritning,planritning,samsungs,sandviksväg,scannern,scanning,skannern,skanning,zoomning,,,,,,,,,,,,,,,,,,,,,,,,,,,,,,,,,,,,,,
bild,badrumsfönster,programfönster,sjukhusfysiker,skruvtransportör,sovrumsfönster,,,,,,,,,,,,,,,,,,,,,,,,,,,,,,,,,,,,,,,,,,,,,
bild,nattbelysning,oljepåfyllning,uppkoppling,uppladdning,uppspelning,upptagning,utomhusmålning,,,,,,,,,,,,,,,,,,,,,,,,,,,,,,,,,,,,,,,,,,,
bild,integritetsintrång,,,,,,,,,,,,,,,,,,,,,,,,,,,,,,,,,,,,,,,,,,,,,,,,,
bild,bildfil,filmfil,filmkväll,filmsnutt,filmtips,filnamn,finlir,,,,,,,,,,,,,,,,,,,,,,,,,,,,,,,,,,,,,,,,,,,
bild,företagspresentation,,,,,,,,,,,,,,,,,,,,,,,,,,,,,,,,,,,,,,,,,,,,,,,,,
bild,fastighetsinformation,fotoinformation,platsinformation,textinformation,transistorradio,,,,,,,,,,,,,,,,,,,,,,,,,,,,,,,,,,,,,,,,,,,,,
bild,bordsplacering,formatering,färghantering,färgåtergivning,hopmontering,komfortstörning,nedmontering,omlackering,statusuppdatering,urmontering,varmvattenrör,,,,,,,,,,,,,,,,,,,,,,,,,,,,,,,,,,,,,,,
bild,komponentlista,komponentvideo,punktlista,,,,,,,,,,,,,,,,,,,,,,,,,,,,,,,,,,,,,,,,,,,,,,,
bild,händelseminne,internminne,minneskort,minnespinne,,,,,,,,,,,,,,,,,,,,,,,,,,,,,,,,,,,,,,,,,,,,,,
bild,espressokaffe,kompressoranläggning,kompressordrift,,,,,,,,,,,,,,,,,,,,,,,,,,,,,,,,,,,,,,,,,,,,,,,
bild,bildanalys,bildarkiv,bildbank,bilddatabas,bildlänk,bildram,dieseltank,fälgbana,golvplank,taxibana,willmans,,,,,,,,,,,,,,,,,,,,,,,,,,,,,,,,,,,,,,,
bild,introduktionspris,projektengagemang,projektionsduk,projektionsyta,subjektsposition,,,,,,,,,,,,,,,,,,,,,,,,,,,,,,,,,,,,,,,,,,,,,
bild,försöksuppställning,,,,,,,,,,,,,,,,,,,,,,,,,,,,,,,,,,,,,,,,,,,,,,,,,
bild,artvärde,detaljbild,kaffebord,kalkylblad,kamerabild,kantvik,kartbild,kvadratsmart,scartkabel,skadebild,skärmbild,startbild,,,,,,,,,,,,,,,,,,,,,,,,,,,,,,,,,,,,,,
bild,akvifären,bakvägg,fjärr,helskärm,huslarm,huvudskärm,kero,skarvjärn,skogsforum,skola,skärm,skärmdump,skårby,smältlim,storl,syrra,syrum,sökmetod,sötnos,tumsskärm,,,,,,,,,,,,,,,,,,,,,,,,,,,,,,
bild,autoläge,bärläkt,energiflöden,fondvägg,fornvännen,färgbalans,färgläge,färgval,förgrund,gavelvägg,helskärmsläge,vridreglage,,,,,,,,,,,,,,,,,,,,,,,,,,,,,,,,,,,,,,
bild,rullningslist,töjningsgivare,vidvinkellins,visningsläge,visningslägenhet,visningstid,övergångställe,,,,,,,,,,,,,,,,,,,,,,,,,,,,,,,,,,,,,,,,,,,
bild,arcmap,blogg,båtbrygga,draglåda,framvägg,fruga,fruktskål,frösådd,färist,grufvan,grunka,image,pluggare,refuge,,,,,,,,,,,,,,,,,,,,,,,,,,,,,,,,,,,,
bild,björnsso,krosszon,kryssmärke,körkortsbok,ortofoton,photoshop,provgrop,romilson,trossbotten,,,,,,,,,,,,,,,,,,,,,,,,,,,,,,,,,,,,,,,,,
bild,bildexempel,prisexempel,prisjämförelse,,,,,,,,,,,,,,,,,,,,,,,,,,,,,,,,,,,,,,,,,,,,,,,
bild,färgavvikelse,ljudupplevelse,måttangivelse,,,,,,,,,,,,,,,,,,,,,,,,,,,,,,,,,,,,,,,,,,,,,,,
bild,baffeln,bergans,disgen,ipaden,kardon,lagerhållen,mätarhus,navigon,parabolen,riksbyggen,sargen,sari,saucony,skogarnes,,,,,,,,,,,,,,,,,,,,,,,,,,,,,,,,,,,,
bild,byggmaterialhandel,,,,,,,,,,,,,,,,,,,,,,,,,,,,,,,,,,,,,,,,,,,,,,,,,
bild,multifunktionsratt,,,,,,,,,,,,,,,,,,,,,,,,,,,,,,,,,,,,,,,,,,,,,,,,,
bild,balkongdörr,balkongfront,bleckspik,blocksystem,bloggläsare,bloggpost,blogspot,flygfoto,samlingsportal,snapshot,,,,,,,,,,,,,,,,,,,,,,,,,,,,,,,,,,,,,,,,
bild,attan,bmb,bök,dyket,fitta,foto,mejl,mittstöd,mms,motljus,mtt,mvt,slättö,spott,stök,vagg,yst,,,,,,,,,,,,,,,,,,,,,,,,,,,,,,,,,
bild,ämneslärarprogram,,,,,,,,,,,,,,,,,,,,,,,,,,,,,,,,,,,,,,,,,,,,,,,,,
bild,avfallstyp,brandflyg,enhandsgrepp,kapslingstyp,nostalgitripp,stadstyp,startdatum,stefansson,stolptyp,strandrätt,utgångstid,,,,,,,,,,,,,,,,,,,,,,,,,,,,,,,,,,,,,,,
bild,bländarvärde,databärare,kalkylark,kvällsljus,radarmålarea,självutlösare,villalarm,vitbalans,vägslitageskatt,vältalare,väntplats,värmebalans,växeldriv,växelförare,,,,,,,,,,,,,,,,,,,,,,,,,,,,,,,,,,,,
bild,dataskärm,datornät,datorskärm,datortomograf,marmorskiva,papperskopia,plattskärm,vattenvägg,,,,,,,,,,,,,,,,,,,,,,,,,,,,,,,,,,,,,,,,,,
bild,temperaturfördelning,temperaturindikator,,,,,,,,,,,,,,,,,,,,,,,,,,,,,,,,,,,,,,,,,,,,,,,,
bild,aerogel,bakgavel,dörrspegel,ethernetkabel,fallregellås,kontaktbleck,laddregulator,plåtregel,takdel,takregel,,,,,,,,,,,,,,,,,,,,,,,,,,,,,,,,,,,,,,,,
bild,artikelsökning,avbördning,avdragning,avfärgning,avskalning,avsökning,avväxling,försöksyta,ljusöppning,länkning,vikning,,,,,,,,,,,,,,,,,,,,,,,,,,,,,,,,,,,,,,,
bild,informationssäkerhetsarbete,,,,,,,,,,,,,,,,,,,,,,,,,,,,,,,,,,,,,,,,,,,,,,,,,
bild,försäljningsuppdrag,påfyllningsöppning,,,,,,,,,,,,,,,,,,,,,,,,,,,,,,,,,,,,,,,,,,,,,,,,
bild,takavvattningssystem,,,,,,,,,,,,,,,,,,,,,,,,,,,,,,,,,,,,,,,,,,,,,,,,,
bild,auktionsfirma,auktionsförfarande,auktionsverk,positionsnummer,,,,,,,,,,,,,,,,,,,,,,,,,,,,,,,,,,,,,,,,,,,,,,
bild,brädbit,plastbit,plåtbit,plåtlist,polaroid,pulstid,pålitlighet,uppåtpil,,,,,,,,,,,,,,,,,,,,,,,,,,,,,,,,,,,,,,,,,,
bild,handdukshållare,pennhållare,personalarbete,,,,,,,,,,,,,,,,,,,,,,,,,,,,,,,,,,,,,,,,,,,,,,,
bild,gårdag,hightech,hårddisk,höstdag,höstväder,körhandtag,röstsamtal,stödlager,systemdata,textutdrag,östman,,,,,,,,,,,,,,,,,,,,,,,,,,,,,,,,,,,,,,,
bild,demonstrationsanläggning,,,,,,,,,,,,,,,,,,,,,,,,,,,,,,,,,,,,,,,,,,,,,,,,,
bild,tryckluftsförsörjning,,,,,,,,,,,,,,,,,,,,,,,,,,,,,,,,,,,,,,,,,,,,,,,,,
bild,kvällspromenad,morgonpromenad,,,,,,,,,,,,,,,,,,,,,,,,,,,,,,,,,,,,,,,,,,,,,,,,
bild,hjälpkraft,jämtkraft,kontaktstift,kulturkrönika,powerpoint,utskrift,utskriftsjobb,utsnitt,,,,,,,,,,,,,,,,,,,,,,,,,,,,,,,,,,,,,,,,,,
bild,betygsättning,ditsättning,friläggning,ifyllning,inbränning,invisning,isärtagning,isättning,ljusmätning,plåttäckning,,,,,,,,,,,,,,,,,,,,,,,,,,,,,,,,,,,,,,,,
bild,eftermiddagssol,,,,,,,,,,,,,,,,,,,,,,,,,,,,,,,,,,,,,,,,,,,,,,,,,
bild,golvbräda,golvbrädorna,golvsockel,halvpanna,upphovsrätt,,,,,,,,,,,,,,,,,,,,,,,,,,,,,,,,,,,,,,,,,,,,,
bild,trafiklagstiftning,,,,,,,,,,,,,,,,,,,,,,,,,,,,,,,,,,,,,,,,,,,,,,,,,
bild,detektionsområde,parkeringsmätare,planeringsområde,,,,,,,,,,,,,,,,,,,,,,,,,,,,,,,,,,,,,,,,,,,,,,,
bild,bildöverföring,interpolering,uteservering,överföring,överföringsteknik,överströmning,,,,,,,,,,,,,,,,,,,,,,,,,,,,,,,,,,,,,,,,,,,,
bild,hjultraktor,mappstruktur,nätstruktur,,,,,,,,,,,,,,,,,,,,,,,,,,,,,,,,,,,,,,,,,,,,,,,
bild,basutrustning,extrautrustning,fotoutrustning,röntgenutrustning,tillvalsutrustning,,,,,,,,,,,,,,,,,,,,,,,,,,,,,,,,,,,,,,,,,,,,,
bild,telekommunikationsnät,,,,,,,,,,,,,,,,,,,,,,,,,,,,,,,,,,,,,,,,,,,,,,,,,
bild,konsoll,körnslag,lärarroll,mittkonsol,punktmoln,solhäll,stenkoll,sökinsats,toarulle,,,,,,,,,,,,,,,,,,,,,,,,,,,,,,,,,,,,,,,,,
bild,bläddring,blästersand,eldistributör,förstoringsglas,kalkutfällning,klistring,klotterplank,kopiering,kuggstång,paketering,,,,,,,,,,,,,,,,,,,,,,,,,,,,,,,,,,,,,,,,
bild,fasadbyte,finputs,inbyte,linsskydd,onenote,onkyo,slipersbyte,snubbe,ångcykel,,,,,,,,,,,,,,,,,,,,,,,,,,,,,,,,,,,,,,,,,
bild,dammborttagning,förhandsgranskning,hundförsäkring,transportläge,transportsäkring,,,,,,,,,,,,,,,,,,,,,,,,,,,,,,,,,,,,,,,,,,,,,
bild,antennförstärkare,signalförstärkare,,,,,,,,,,,,,,,,,,,,,,,,,,,,,,,,,,,,,,,,,,,,,,,,
bild,ambilight,dekorlist,skugglist,skylight,stjernkvist,strömsö,stuvbit,styrfil,styrlist,styrtapp,träfflista,tyrens,,,,,,,,,,,,,,,,,,,,,,,,,,,,,,,,,,,,,,
bild,besöksräknare,fiskräknare,färgskrivare,nivåmätare,,,,,,,,,,,,,,,,,,,,,,,,,,,,,,,,,,,,,,,,,,,,,,
bild,betonghus,donkeyman,momentarm,moodboard,tonarm,tonern,toning,toroid,tuners,törnblom,vevarm,zonkarta,,,,,,,,,,,,,,,,,,,,,,,,,,,,,,,,,,,,,,
bild,avtryckare,högtryckspump,ryckighet,trivselhus,tryckfel,tryckprov,trådmodell,,,,,,,,,,,,,,,,,,,,,,,,,,,,,,,,,,,,,,,,,,,
bild,observationspunkt,,,,,,,,,,,,,,,,,,,,,,,,,,,,,,,,,,,,,,,,,,,,,,,,,
bild,tillväxtpotential,trygghetscentral,,,,,,,,,,,,,,,,,,,,,,,,,,,,,,,,,,,,,,,,,,,,,,,,
bild,brickband,bromsband,bromsbänk,bromshävarm,bygdeband,spikförband,,,,,,,,,,,,,,,,,,,,,,,,,,,,,,,,,,,,,,,,,,,,
bild,arkivbild,exempelbild,originalbild,produktbild,profilbild,profilhöjd,profilsida,,,,,,,,,,,,,,,,,,,,,,,,,,,,,,,,,,,,,,,,,,,
bild,radialdäck,trafikmärke,traktordäck,traktorförare,,,,,,,,,,,,,,,,,,,,,,,,,,,,,,,,,,,,,,,,,,,,,,
bild,koncernredovisning,,,,,,,,,,,,,,,,,,,,,,,,,,,,,,,,,,,,,,,,,,,,,,,,,
bild,adblocker,bindbjälke,hanbjälke,takbjälke,vajerräcke,,,,,,,,,,,,,,,,,,,,,,,,,,,,,,,,,,,,,,,,,,,,,
bild,midgårdsväg,trädgårdsdag,trädgårdsdamm,trädgårdsdesigner,trädgårdsmur,trädgårdsprojekt,tunnelpåslag,,,,,,,,,,,,,,,,,,,,,,,,,,,,,,,,,,,,,,,,,,,
bild,diagonalstag,fågelbur,gavelspets,hagelskur,kapellskärs,segeldukstak,signalfigur,vapenskåp,,,,,,,,,,,,,,,,,,,,,,,,,,,,,,,,,,,,,,,,,,
bild,entreprenadmaskin,,,,,,,,,,,,,,,,,,,,,,,,,,,,,,,,,,,,,,,,,,,,,,,,,
bild,primärspänning,proppsäkring,sekundärspänning,,,,,,,,,,,,,,,,,,,,,,,,,,,,,,,,,,,,,,,,,,,,,,,
bild,jordartskarta,justeringsskruv,justerskruv,låsskruv,skorstensskydd,,,,,,,,,,,,,,,,,,,,,,,,,,,,,,,,,,,,,,,,,,,,,
bild,dieselelverk,mäkleri,spillvattenrör,stolpverk,tillverk,,,,,,,,,,,,,,,,,,,,,,,,,,,,,,,,,,,,,,,,,,,,,
bild,laserstrål,manöverhandtag,manöverområde,manöverström,,,,,,,,,,,,,,,,,,,,,,,,,,,,,,,,,,,,,,,,,,,,,,
bild,kolslitskena,sketchup,switchen,switchfrekvens,,,,,,,,,,,,,,,,,,,,,,,,,,,,,,,,,,,,,,,,,,,,,,
bild,jobbarkompis,sommarjobbare,sommarkampanj,sommarkänsla,,,,,,,,,,,,,,,,,,,,,,,,,,,,,,,,,,,,,,,,,,,,,,
bild,deklarant,elsanering,emballering,källhänvisning,mellanregister,mellanring,mellanöl,metallicfärg,modellförsök,molnlagring,piltangent,rundvandring,,,,,,,,,,,,,,,,,,,,,,,,,,,,,,,,,,,,,,
bild,eldstadslucka,fönsterbåge,fönsterkarm,fönsterlucka,,,,,,,,,,,,,,,,,,,,,,,,,,,,,,,,,,,,,,,,,,,,,,
bild,cigarettändare,skärmsläckare,strandbacke,strålknippe,störsignal,störsändare,,,,,,,,,,,,,,,,,,,,,,,,,,,,,,,,,,,,,,,,,,,,
bild,arbetsbok,brännbo,glasglob,gästbok,lookbook,mätklocka,målarbok,wästbygg,,,,,,,,,,,,,,,,,,,,,,,,,,,,,,,,,,,,,,,,,,
bild,lärarlyft,märkplåt,mässingsplåt,mätrapport,nummerplåt,pärlplatta,slitplåt,vårdplan,,,,,,,,,,,,,,,,,,,,,,,,,,,,,,,,,,,,,,,,,,
bild,organisationsschema,,,,,,,,,,,,,,,,,,,,,,,,,,,,,,,,,,,,,,,,,,,,,,,,,
bild,självdragssystem,,,,,,,,,,,,,,,,,,,,,,,,,,,,,,,,,,,,,,,,,,,,,,,,,
bild,byggkeramik,byggkran,bygglampa,dörrkrans,kuggdrev,påbyggnation,,,,,,,,,,,,,,,,,,,,,,,,,,,,,,,,,,,,,,,,,,,,
bild,navigeringsknapp,,,,,,,,,,,,,,,,,,,,,,,,,,,,,,,,,,,,,,,,,,,,,,,,,
bild,bruksbil,flygbild,ljusbild,ljusbord,ljusmiljö,miljöbild,,,,,,,,,,,,,,,,,,,,,,,,,,,,,,,,,,,,,,,,,,,,
bild,flakmoped,glappkontakt,klåpare,lampett,lappe,laptopen,layout,löppass,mapp,överlappet,,,,,,,,,,,,,,,,,,,,,,,,,,,,,,,,,,,,,,,,
bild,bildskärmsupplösning,,,,,,,,,,,,,,,,,,,,,,,,,,,,,,,,,,,,,,,,,,,,,,,,,
bild,bjälklagselement,,,,,,,,,,,,,,,,,,,,,,,,,,,,,,,,,,,,,,,,,,,,,,,,,
bild,kopplingsfjäder,kopplingsschema,kopplingsstation,korsningsspets,öppningssystem,,,,,,,,,,,,,,,,,,,,,,,,,,,,,,,,,,,,,,,,,,,,,
bild,standardanslutning,standarddimension,standardlicens,,,,,,,,,,,,,,,,,,,,,,,,,,,,,,,,,,,,,,,,,,,,,,,
bimetallbrytare,automatsäkring,elsäkerhet,indikering,nätspänning,simträning,slinga,smältsäkring,snabbkoppling,säkring,sökning,täflingar,tätning,,,,,,,,,,,,,,,,,,,,,,,,,,,,,,,,,,,,,,
bimetallbrytare,betare,biarea,birstaverken,bredarida,brukare,brytare,bryte,drönare,jonbytare,nedbrytbarhet,rekryterare,skrymtare,strömbrytare,,,,,,,,,,,,,,,,,,,,,,,,,,,,,,,,,,,,,
bimetallbrytare,benvärmare,dieselvärmare,doftspridare,doppvärmare,kupévärmare,,,,,,,,,,,,,,,,,,,,,,,,,,,,,,,,,,,,,,,,,,,,,
bimetallbrytare,drev,fas,fig,forum,hårtork,lysrör,pump,relä,rör,träff,tyre,,,,,,,,,,,,,,,,,,,,,,,,,,,,,,,,,,,,,,,
bimetallbrytare,värmefläkt,värmetröghet,värmeväxlaryta,,,,,,,,,,,,,,,,,,,,,,,,,,,,,,,,,,,,,,,,,,,,,,,
bimetallbrytare,anslutning,användning,axeltätning,beslutsstöd,förbrukning,kortslutning,,,,,,,,,,,,,,,,,,,,,,,,,,,,,,,,,,,,,,,,,,,,
bimetallbrytare,drossel,fjäder,hushåll,kabel,kiel,volvo,växel,växelhus,,,,,,,,,,,,,,,,,,,,,,,,,,,,,,,,,,,,,,,,,,
bimetallbrytare,varningslampa,varningssystem,,,,,,,,,,,,,,,,,,,,,,,,,,,,,,,,,,,,,,,,,,,,,,,,
bimetallbrytare,standardutrustning,,,,,,,,,,,,,,,,,,,,,,,,,,,,,,,,,,,,,,,,,,,,,,,,,
bimetallbrytare,värmeutvidgning,överhettning,överhettningsskydd,,,,,,,,,,,,,,,,,,,,,,,,,,,,,,,,,,,,,,,,,,,,,,,
bimetallbrytare,avdelare,babblare,betalare,betalkort,betalsystem,betodlare,databärare,deltagarne,explore,fågelmatare,gatupratare,högtalare,metadata,metervara,nyhetsläsare,specialare,temaområde,vattenkylare,vältalare,,,,,,,,,,,,,,,,,,,,,,,,,,,,,,,
bimetallbrytare,bastuflotte,batteribyte,bokstavsbarn,bostadsbestånd,bostadsbidrag,bostadsbyte,bostadsort,bostadsrätt,bostadsutrymme,bostadsyta,bostadsägare,fasadbyte,kamremsbyte,stadsbygd,stambyte,,,,,,,,,,,,,,,,,,,,,,,,,,,,,,,,,,,
bimetallbrytare,beställare,beställarroll,betänkande,boendestödjare,butikssäljare,bästsäljare,hemställan,inställelse,matkällare,möbelmästare,ventillyftare,,,,,,,,,,,,,,,,,,,,,,,,,,,,,,,,,,,,,,,
bimetallbrytare,allvetare,avlastare,backvarnare,badlakan,baklastare,bakåtsträvare,dimstrålkastare,dollarstore,frontlastare,hjullastare,inplastare,kampanjstart,kompaktlastare,primastar,,,,,,,,,,,,,,,,,,,,,,,,,,,,,,,,,,,,
bimetallbrytare,camouflage,emballage,emballageband,lappallmoge,träemballage,vägslitage,,,,,,,,,,,,,,,,,,,,,,,,,,,,,,,,,,,,,,,,,,,,
bimetallbrytare,hotellnatt,metallanalys,metallbeslag,metallfilter,metallgall,metallhaloge,metallhalt,metallhandtag,metallhölje,metallpapper,metallpulver,metallram,metallskylt,metanhalt,tungmetallhalt,,,,,,,,,,,,,,,,,,,,,,,,,,,,,,,,,,,
bimetallbrytare,bilbälte,blöjbyte,filbyte,fragbite,hjulbyte,inbyte,kilometres,livflotte,miljöbyrå,ombyte,ridbyxa,rälsbyte,växelbyte,,,,,,,,,,,,,,,,,,,,,,,,,,,,,,,,,,,,,
bimetallbrytare,bollsport,bomullsband,bomullsgarn,,,,,,,,,,,,,,,,,,,,,,,,,,,,,,,,,,,,,,,,,,,,,,,
bimetallbrytare,detaljarbete,detaljhandel,detaljkarta,distansarbete,metallarbete,miljöarbete,vattenarbete,,,,,,,,,,,,,,,,,,,,,,,,,,,,,,,,,,,,,,,,,,,
bimetallbrytare,fadermördare,fortkörare,fraktförare,kranförare,mopedförare,traktorförare,traktorgrävare,yrkesförare,,,,,,,,,,,,,,,,,,,,,,,,,,,,,,,,,,,,,,,,,,
bimetallbrytare,barkarbystad,basfakta,baskarta,bastmatta,boskillnad,brottyta,chokladtårta,fiskaretorg,gibraltargata,spårkarta,webbkarta,,,,,,,,,,,,,,,,,,,,,,,,,,,,,,,,,,,,,,,
bimetallbrytare,behållare,bitshållare,busshållplats,felfinnare,innehållsskapare,metallbehållare,pakethållare,renhållare,,,,,,,,,,,,,,,,,,,,,,,,,,,,,,,,,,,,,,,,,,
bimetallbrytare,kretsloppspark,matsalsbord,metalliclack,metallsvarv,metallsökare,metallvara,totalansvar,,,,,,,,,,,,,,,,,,,,,,,,,,,,,,,,,,,,,,,,,,,
bimetallbrytare,mellanfärg,metallborr,metallfärg,metallförening,metallicfärg,metallkärl,metallrör,metallväg,vårdtillfälle,,,,,,,,,,,,,,,,,,,,,,,,,,,,,,,,,,,,,,,,,
bimetallbrytare,företagsläkare,företagssamarbet,företagsservice,företagssäljare,,,,,,,,,,,,,,,,,,,,,,,,,,,,,,,,,,,,,,,,,,,,,,
bimetallbrytare,digitalformat,digitalkamera,digitalmottagare,digitalradio,digitaltryck,totaltryck,,,,,,,,,,,,,,,,,,,,,,,,,,,,,,,,,,,,,,,,,,,,
bimetallbrytare,bilhandlare,bilhögtalare,biljardbord,bygghandlare,mobilladdare,viralgranskare,,,,,,,,,,,,,,,,,,,,,,,,,,,,,,,,,,,,,,,,,,,,
bimetallbrytare,bildgåta,bildmixer,bildtitel,bilgarage,bilköpare,bilstereo,bilägare,bindgarner,bloggare,båtägare,givare,hildegard,kattägare,milliard,railcare,tillbringare,villaägare,webbläsare,,,,,,,,,,,,,,,,,,,,,,,,,,,,,,,,
bimetallbrytare,examensarbetare,sidavbitare,träarbetare,yrkesarbetare,årsarbetare,,,,,,,,,,,,,,,,,,,,,,,,,,,,,,,,,,,,,,,,,,,,,
bimetallbrytare,energibärare,planerare,reseplanerare,trafikplanerare,,,,,,,,,,,,,,,,,,,,,,,,,,,,,,,,,,,,,,,,,,,,,,
bimetallbrytare,detaljist,hotellfrukost,kanallista,kirjallisuus,matlust,metall,metallben,metallbransch,metallfot,metallic,metallist,metallnät,metalloid,metallstomme,metallyta,metallåda,metrologi,miljötillsyn,modellbåt,satellitdata,vältalighet,,,,,,,,,,,,,,,,,,,,,,,,,,,,,
bimetallbrytare,hemmafixare,lommabana,mäklarbyrå,sitkagran,soldyrkare,sommarbarn,sommarjobbare,sommartält,änglabarn,,,,,,,,,,,,,,,,,,,,,,,,,,,,,,,,,,,,,,,,,
bimetallbrytare,bidragsbelopp,bidragsbrott,biltransport,,,,,,,,,,,,,,,,,,,,,,,,,,,,,,,,,,,,,,,,,,,,,,,
bimetallbrytare,boendeyta,cederträ,cykelstad,gradantal,kilometertal,meddelare,medelantal,medelhalt,medelpris,medeltal,segeldukstak,,,,,,,,,,,,,,,,,,,,,,,,,,,,,,,,,,,,,,,
bimetallbrytare,betongtillverkare,gustavsbergar,hustillverkare,kabeltillverkare,kökstillverkare,pumptillverkare,rörtillverkare,tillverkare,,,,,,,,,,,,,,,,,,,,,,,,,,,,,,,,,,,,,,,,,,
bimetallbrytare,befälhafvar,befälhafvare,,,,,,,,,,,,,,,,,,,,,,,,,,,,,,,,,,,,,,,,,,,,,,,,
bimetallbrytare,allie,avellan,dalby,fallolycka,lager,lampa,magyar,malier,mall,malla,matbar,matta,moppe,mylla,namntavla,pallkrage,sallat,tallolja,walraven,,,,,,,,,,,,,,,,,,,,,,,,,,,,,,,
bimetallbrytare,avetablering,betalterminal,budgetunderlag,detaljbild,detaljering,detaljfråga,detaljkrav,detaljplan,detaljritning,emballering,etableringsår,installering,metallisering,modellering,nivellering,nyetablering,,,,,,,,,,,,,,,,,,,,,,,,,,,,,,,,,,
bimetallbrytare,matsalsgrupp,mellgrens,stallgrepe,stallgödsel,,,,,,,,,,,,,,,,,,,,,,,,,,,,,,,,,,,,,,,,,,,,,,
bimetallbrytare,alléträd,blandstad,fallskada,fallstudie,kvällstur,salladsbar,tallplanta,vallastad,villastak,villatak,,,,,,,,,,,,,,,,,,,,,,,,,,,,,,,,,,,,,,,,
bimetallbrytare,basservice,bildtävling,biljettservice,bilservice,,,,,,,,,,,,,,,,,,,,,,,,,,,,,,,,,,,,,,,,,,,,,,
bimetallbrytare,vegetationstäcke,vegetationsyta,,,,,,,,,,,,,,,,,,,,,,,,,,,,,,,,,,,,,,,,,,,,,,,,
bimetallbrytare,bussförare,identifierare,mjukgörare,omrörare,postförare,postförvaltare,slutförbrukare,styrkrets,utfärdare,utförare,uthyrare,utlösare,,,,,,,,,,,,,,,,,,,,,,,,,,,,,,,,,,,,,,
bimetallbrytare,miljösamordnare,projektsamordnare,,,,,,,,,,,,,,,,,,,,,,,,,,,,,,,,,,,,,,,,,,,,,,,,
bimetallbrytare,babybjörn,babygym,babyland,babysim,babysäng,babyvakt,badbyxa,rinkabyholm,,,,,,,,,,,,,,,,,,,,,,,,,,,,,,,,,,,,,,,,,,
bimetallbrytare,ahlberg,cellbetong,hallberg,hallner,hellmyra,hågelbypark,isaberg,malmborg,mollberg,tillberg,trelleborg,vallberga,,,,,,,,,,,,,,,,,,,,,,,,,,,,,,,,,,,,,,
bimetallbrytare,kristallkrona,metalldetektor,metallduk,metallkrok,metallprodukt,metallprofil,metallskrot,metalltak,meterstock,resevillkor,,,,,,,,,,,,,,,,,,,,,,,,,,,,,,,,,,,,,,,,
bimetallbrytare,alkoholmätare,alkomätare,blomklase,landtmätare,palmemördare,viktväktare,vinkelmätare,,,,,,,,,,,,,,,,,,,,,,,,,,,,,,,,,,,,,,,,,,,
bimetallbrytare,samhällsaktör,samhällsansvar,samhällsbyggare,samhällsbygge,samhällsnytta,,,,,,,,,,,,,,,,,,,,,,,,,,,,,,,,,,,,,,,,,,,,,
bimetallbrytare,företagsbesök,företagsbil,företagsbot,företagscenter,företagsdata,företagsdator,företagsgåva,företagsinter,företagsklimat,mikrovågsugn,,,,,,,,,,,,,,,,,,,,,,,,,,,,,,,,,,,,,,,,
bimetallbrytare,aptitretare,beredelse,binnaretorp,infrastruktur,inheritance,inledare,innehafvare,inomhusbruk,inredare,integritet,invacare,inventerare,matberedare,vinterbarn,,,,,,,,,,,,,,,,,,,,,,,,,,,,,,,,,,,,
bimetallbrytare,balkbro,balkrambro,barrträ,elektrod,kalibrator,valvbro,,,,,,,,,,,,,,,,,,,,,,,,,,,,,,,,,,,,,,,,,,,,
bimetallbrytare,bildstabilisator,infiltration,installation,installatör,konstruktion,tapetkollektion,,,,,,,,,,,,,,,,,,,,,,,,,,,,,,,,,,,,,,,,,,,,
bimetallbrytare,bakläxa,befästad,beläte,benkläder,bilsäte,bylte,deletapp,matglädje,mete,tellbe,örtsläkte,,,,,,,,,,,,,,,,,,,,,,,,,,,,,,,,,,,,,,,
bimetallbrytare,icebreaker,membranen,membraner,motoraxel,temperatur,,,,,,,,,,,,,,,,,,,,,,,,,,,,,,,,,,,,,,,,,,,,,
bimetallbrytare,arbetsbrytare,arbetsgifvare,arbetsglädje,arbetsledare,arbetsmöte,arbetsyta,jordfelsbrytare,kretsbrytare,vattenfelsbrytare,,,,,,,,,,,,,,,,,,,,,,,,,,,,,,,,,,,,,,,,,
bimetallbrytare,lamellträ,stallströ,taflor,tallfrö,tallrik,tillbud,tillfart,,,,,,,,,,,,,,,,,,,,,,,,,,,,,,,,,,,,,,,,,,,
bimetallbrytare,betongbarriär,betongblandare,cementblandare,,,,,,,,,,,,,,,,,,,,,,,,,,,,,,,,,,,,,,,,,,,,,,,
bimetallbrytare,babytillbehör,båttillbehör,golftillbehör,resetillbehör,skotillbehör,sytillbehör,tillbehör,,,,,,,,,,,,,,,,,,,,,,,,,,,,,,,,,,,,,,,,,,,
bimetallbrytare,biltillbehör,cykeltillbehör,speltillbehör,vapentillbehör,,,,,,,,,,,,,,,,,,,,,,,,,,,,,,,,,,,,,,,,,,,,,,
bimetallbrytare,bullerfri,bullerkrav,bullerskada,bullerskärm,bullervall,bulleråtgärd,hillerstorp,ulleråker,vintersport,,,,,,,,,,,,,,,,,,,,,,,,,,,,,,,,,,,,,,,,,
bimetallbrytare,aborre,benutrymme,bergamo,bergans,bigarrå,biutrymme,broarne,burgare,bärgare,djurägare,naturmark,verkare,,,,,,,,,,,,,,,,,,,,,,,,,,,,,,,,,,,,,,
bimetallbrytare,bebr,delresa,dibarn,february,fiberpar,instagram,lekhörna,metri,overall,sebra,sexbrott,skola,teatro,webbyrå,,,,,,,,,,,,,,,,,,,,,,,,,,,,,,,,,,,,
bimetallbrytare,dagligvara,hallmatta,hamngatan,kalevala,kompanigata,lillågata,madagascar,malmbana,malmgata,malmöhus,militaria,wikidata,,,,,,,,,,,,,,,,,,,,,,,,,,,,,,,,,,,,,,
bimetallbrytare,dagstur,dimension,kondensator,majstor,mantorp,matsilver,mester,multirotor,parador,samtalston,sensor,,,,,,,,,,,,,,,,,,,,,,,,,,,,,,,,,,,,,,,
bimetallbrytare,datatillbehör,djurtillbehör,fototillbehör,kameratillbehör,kökstillbehör,,,,,,,,,,,,,,,,,,,,,,,,,,,,,,,,,,,,,,,,,,,,,
bimetallbrytare,balansbräda,bultbräda,panelbräda,rullbräda,sittbräda,,,,,,,,,,,,,,,,,,,,,,,,,,,,,,,,,,,,,,,,,,,,,
bimetallbrytare,bagageband,bikarbonat,bilbana,bilbolag,bilbrand,bildanalys,bildbank,bildkavalkad,bildsida,bilinnehav,bilresa,bilruta,bioetanol,bislama,ciabatta,stolsdyna,vinbar,,,,,,,,,,,,,,,,,,,,,,,,,,,,,,,,,
bimetallbrytare,plattsättare,stensättare,öfversättare,överlåtare,överträdare,,,,,,,,,,,,,,,,,,,,,,,,,,,,,,,,,,,,,,,,,,,,,
bimetallbrytare,allemansrätt,avtalsfråga,avtalspart,avtalsrätt,betalsätt,kvartalsrapport,samtalsrum,spontanidrott,talerätt,åtalsrätt,,,,,,,,,,,,,,,,,,,,,,,,,,,,,,,,,,,,,,,,
bimetallbrytare,bullerplank,mediaplan,mellanlager,mellanmål,mellanplan,mellanstöd,,,,,,,,,,,,,,,,,,,,,,,,,,,,,,,,,,,,,,,,,,,,
bimetallbrytare,apparat,automat,badsalt,bambam,banér,bastal,batat,betal,bibet,binab,brogatan,bukett,fläkt,ftalat,hjertats,qatar,state,,,,,,,,,,,,,,,,,,,,,,,,,,,,,,,,,
bimetallbrytare,intervallerna,kamerabatteri,liderlighet,mineralfiber,mineralier,minerallag,mineralnäring,vinterbilder,,,,,,,,,,,,,,,,,,,,,,,,,,,,,,,,,,,,,,,,,,
bimetallbrytare,bemötande,målstandard,omtanke,riktlinje,utlåtande,vistande,wikstrand,wistrand,,,,,,,,,,,,,,,,,,,,,,,,,,,,,,,,,,,,,,,,,,
bimetallbrytare,citiboard,leaderboard,midtelparti,sidebar,sideboard,södertörn,underfart,videoarkiv,,,,,,,,,,,,,,,,,,,,,,,,,,,,,,,,,,,,,,,,,,
bimetallbrytare,behållning,belastning,belysning,betallösning,betalning,betalningsdag,betalningsform,betalningsorder,betalningstid,betaltjänst,biljettbokning,biluthyrning,lindning,stallning,ytbehandling,återställning,,,,,,,,,,,,,,,,,,,,,,,,,,,,,,,,,,
bimetallbrytare,alpinestar,bilbarnstol,bildfönster,bilfönster,biljettsystem,biofilter,blomster,celluliter,miljöansvar,nilsdotters,,,,,,,,,,,,,,,,,,,,,,,,,,,,,,,,,,,,,,,,
bimetallbrytare,bibtex,bild,bildalbum,bildarkiv,bilddatabas,bildram,bilhall,biljettköp,billack,billarm,bilpark,biltak,biltrafik,biltull,biltvätt,bilvård,bollhav,rivstart,,,,,,,,,,,,,,,,,,,,,,,,,,,,,,,,
bimetallbrytare,semesterboende,semesterbostad,semesterfirare,,,,,,,,,,,,,,,,,,,,,,,,,,,,,,,,,,,,,,,,,,,,,,,
bimetallbrytare,bilverkstad,bottenyta,cirkelyta,familjerätt,filteryta,fönsterbyte,linsgryta,viltolycka,,,,,,,,,,,,,,,,,,,,,,,,,,,,,,,,,,,,,,,,,,
bimetallbrytare,difenyleter,dimetyleter,potentiometer,signalement,,,,,,,,,,,,,,,,,,,,,,,,,,,,,,,,,,,,,,,,,,,,,,
bimetallbrytare,innehall,kinnekulle,kinnekullebana,vindfälle,,,,,,,,,,,,,,,,,,,,,,,,,,,,,,,,,,,,,,,,,,,,,,
bimetallbrytare,finsmakare,inspelare,livsnjutare,mediaspelare,mediespelare,murpelare,riksbyggare,rumsdelare,spelbarhet,taskspelare,videoinspelare,,,,,,,,,,,,,,,,,,,,,,,,,,,,,,,,,,,,,,,
bimetallbrytare,gränsvärde,medellinje,medelrörelse,medelvärde,medianvärde,modellbygge,,,,,,,,,,,,,,,,,,,,,,,,,,,,,,,,,,,,,,,,,,,,
bimetallbrytare,biotopkartering,biotopvärde,biotopvård,totalvärde,,,,,,,,,,,,,,,,,,,,,,,,,,,,,,,,,,,,,,,,,,,,,,
bimetallbrytare,early,import,magnet,marit,martin,mauritania,mobil,motorhus,munart,,,,,,,,,,,,,,,,,,,,,,,,,,,,,,,,,,,,,,,,,
bimetallbrytare,byggnadsvårdare,dagbarnvårdare,lokalvårdare,,,,,,,,,,,,,,,,,,,,,,,,,,,,,,,,,,,,,,,,,,,,,,,
bimetallbrytare,kapitalbas,kapitalkrav,kapitalvärde,kapslingsklass,,,,,,,,,,,,,,,,,,,,,,,,,,,,,,,,,,,,,,,,,,,,,,
bimetallbrytare,apputvecklare,bandschaktare,handtverkare,hantverkare,hjärtstartare,landtbrukare,vindsavfuktare,,,,,,,,,,,,,,,,,,,,,,,,,,,,,,,,,,,,,,,,,,,
bimetallbrytare,betongbalk,betongrör,betongtak,,,,,,,,,,,,,,,,,,,,,,,,,,,,,,,,,,,,,,,,,,,,,,,
bimetallbrytare,bimetall,biometan,image,italy,lightyear,limträbalk,primera,pumphus,ramavtal,simskola,simtag,sittpall,tidtabell,tillval,timells,timma,timtal,timtaxa,tomtareal,tomtyta,,,,,,,,,,,,,,,,,,,,,,,,,,,,,,
bimetallbrytare,mammakläder,matmarknad,telemarknad,,,,,,,,,,,,,,,,,,,,,,,,,,,,,,,,,,,,,,,,,,,,,,,
bimetallbrytare,babyartikel,barnartikel,sportartikel,,,,,,,,,,,,,,,,,,,,,,,,,,,,,,,,,,,,,,,,,,,,,,,
bimetallbrytare,anmärkare,armtäckare,firmatecknare,glimtändare,marktäckare,samtycke,,,,,,,,,,,,,,,,,,,,,,,,,,,,,,,,,,,,,,,,,,,,
bimetallbrytare,alternativ,budgetalternativ,resealternativ,,,,,,,,,,,,,,,,,,,,,,,,,,,,,,,,,,,,,,,,,,,,,,,
bimetallbrytare,klimatanalys,klimatanpassa,klimatarbete,klimatavtal,klimatstrategi,,,,,,,,,,,,,,,,,,,,,,,,,,,,,,,,,,,,,,,,,,,,,
bimetallbrytare,brukarinflytande,elevinflytande,,,,,,,,,,,,,,,,,,,,,,,,,,,,,,,,,,,,,,,,,,,,,,,,
bimetallbrytare,arbetsföretag,arbetsresa,fraktföretag,mediaföretag,nyhetsföretag,vattenföretag,åkeriföretag,,,,,,,,,,,,,,,,,,,,,,,,,,,,,,,,,,,,,,,,,,,
bimetallbrytare,bestyr,betryck,betydenhet,betyg,båtbrygga,delbetyg,design,option,slang,,,,,,,,,,,,,,,,,,,,,,,,,,,,,,,,,,,,,,,,,
bimetallbrytare,bandgrävare,hjulgrävare,kommuninvånare,minigrävare,,,,,,,,,,,,,,,,,,,,,,,,,,,,,,,,,,,,,,,,,,,,,,
bimetallbrytare,datautbyte,luftombyte,luftutbyte,årsutbyte,,,,,,,,,,,,,,,,,,,,,,,,,,,,,,,,,,,,,,,,,,,,,,
bimetallbrytare,bilreparation,exploration,limitation,reparation,simulation,,,,,,,,,,,,,,,,,,,,,,,,,,,,,,,,,,,,,,,,,,,,,
bimetallbrytare,akvarie,baddare,betraktande,cabotage,fattare,garage,hatare,kabbarp,kalkylark,lättviktare,makare,mäklare,parkmark,satake,standard,startare,takecare,takras,taktare,tankmätare,tomtarea,tubkikare,vaktare,vitakraft,ytslitage,,,,,,,,,,,,,,,,,,,,,,,,,
bimetallbrytare,banarbete,bergarbetare,bergarbete,betongarbetare,betongarbete,budgetarbete,efterarbete,erfarenhet,markarbet,sammarbete,teamarbete,underarbete,vårdarbete,,,,,,,,,,,,,,,,,,,,,,,,,,,,,,,,,,,,,
bimetallbrytare,biobränsle,biogasbil,båtbransch,dieselbränsle,etanolbränsle,,,,,,,,,,,,,,,,,,,,,,,,,,,,,,,,,,,,,,,,,,,,,
bimetallbrytare,punktlista,startbidrag,termistor,termostat,tullkontor,tulltaxa,turlista,vinlista,väntelista,,,,,,,,,,,,,,,,,,,,,,,,,,,,,,,,,,,,,,,,,
bimetallbrytare,artportal,bloggportal,importör,jordpotential,nyhetsportal,skolportal,ättartal,,,,,,,,,,,,,,,,,,,,,,,,,,,,,,,,,,,,,,,,,,,
bimetallbrytare,kameraväska,mastercard,matleverans,paketresa,takterass,takterrass,tammerfors,,,,,,,,,,,,,,,,,,,,,,,,,,,,,,,,,,,,,,,,,,,
bimetallbrytare,brunnsborrare,fordonslärare,förstelärare,grillmästare,grundlärare,trafiklärare,,,,,,,,,,,,,,,,,,,,,,,,,,,,,,,,,,,,,,,,,,,,
bimetallbrytare,asfaltsyta,asfaltyta,avfallsplan,lokalyta,stallykta,,,,,,,,,,,,,,,,,,,,,,,,,,,,,,,,,,,,,,,,,,,,,
bimetallbrytare,temperaturgivare,uppdragsgivare,uppdragstagare,,,,,,,,,,,,,,,,,,,,,,,,,,,,,,,,,,,,,,,,,,,,,,,
bimetallbrytare,konstarbet,motorbyte,mätarbyte,nattarbete,reparbete,romakloster,romarne,rotarbete,tillväxtarbete,totalbetyg,,,,,,,,,,,,,,,,,,,,,,,,,,,,,,,,,,,,,,,,
bimetallbrytare,hafsyta,jamahiriya,karta,lageryta,markbetong,markbrand,markbygg,markyta,märkström,sandyta,torgyta,,,,,,,,,,,,,,,,,,,,,,,,,,,,,,,,,,,,,,,
bimetallbrytare,blodsugare,bordslöpare,glassbägare,handbagage,ledsagare,ledstaplare,metodstudie,palldragare,redskapsbärare,vårdtagare,,,,,,,,,,,,,,,,,,,,,,,,,,,,,,,,,,,,,,,,
bimetallbrytare,litteraturstudie,litteraturtips,,,,,,,,,,,,,,,,,,,,,,,,,,,,,,,,,,,,,,,,,,,,,,,,
bimetallbrytare,cykelbyxa,cykelfråga,cykelgarage,cykellykta,cykelresa,cykelstråke,cykelstyre,cykeltröja,cykeltur,pikétröja,ylletröja,,,,,,,,,,,,,,,,,,,,,,,,,,,,,,,,,,,,,,,
bimetallbrytare,lekolar,regular,remibar,resultater,segelgarn,,,,,,,,,,,,,,,,,,,,,,,,,,,,,,,,,,,,,,,,,,,,,
bimetallbrytare,licensinnehavare,,,,,,,,,,,,,,,,,,,,,,,,,,,,,,,,,,,,,,,,,,,,,,,,,
bimetallbrytare,fodertillskott,kosttillskott,resetillstånd,viltmålsskytte,,,,,,,,,,,,,,,,,,,,,,,,,,,,,,,,,,,,,,,,,,,,,,
bimetallbrytare,byggledare,teamledare,testdeltagare,testledare,testvinnare,,,,,,,,,,,,,,,,,,,,,,,,,,,,,,,,,,,,,,,,,,,,,
bimetallbrytare,himmelfärd,iceland,importland,ireland,italiano,,,,,,,,,,,,,,,,,,,,,,,,,,,,,,,,,,,,,,,,,,,,,
bimetallbrytare,barnfråga,barnkalas,barnunge,barnvagn,bearnaise,talldunge,varning,,,,,,,,,,,,,,,,,,,,,,,,,,,,,,,,,,,,,,,,,,,
bimetallbrytare,etikettskrivare,gödselspridare,klimatrådgivare,laserskrivare,,,,,,,,,,,,,,,,,,,,,,,,,,,,,,,,,,,,,,,,,,,,,,
bimetallbrytare,ballerinasko,bildgalleri,fotogalleri,gallerdurk,gallerix,gallring,imellertid,mäkleri,,,,,,,,,,,,,,,,,,,,,,,,,,,,,,,,,,,,,,,,,,
bimetallbrytare,anläggare,gästbloggare,takläggare,uteliggare,utläggare,,,,,,,,,,,,,,,,,,,,,,,,,,,,,,,,,,,,,,,,,,,,,
bimetallbrytare,fettavskiljare,oljeavskiljare,rumsavdelare,rumsavskiljare,,,,,,,,,,,,,,,,,,,,,,,,,,,,,,,,,,,,,,,,,,,,,,
bjälklagskonstruktion_med_stomme_av_balkar,desinfektionsmedel,instruktionsbok,instruktionsfilm,instruktionsmanual,instruktionsvideo,konstruktionsansvar,konstruktionsarbet,konstruktionsbetong,konstruktionsdel,konstruktionsdetalj,konstruktionsföretag,konstruktionshöjd,konstruktionskrav,konstruktionsregel,konstruktionsrör,konstruktionsstandard,konstruktionsstål,konstruktionssystem,konstruktionsteknik,konstruktionstryck,konstruktionstyp,konstruktionsvirke,tvärkontraktionstal,,,,,,,,,,,,,,,,,,,,,,,,,,,
bjälklagskonstruktion_med_stomme_av_balkar,anläggningskonstruktion,betongkonstruktion,bjälklagskonstruktion,brokonstruktion,bygginstruktion,byggkonjunktur,byggkonstruktion,byggkonstruktör,byggnadskonstruktion,byggproduktion,huvudkonstruktion,plåtkonstruktion,regelkonstruktion,skivkonstruktion,spårkonstruktion,systemkonstruktion,tegelkonstruktion,väggkonstruktion,ytterväggskonstruktion,övergångskonstruktion,,,,,,,,,,,,,,,,,,,,,,,,,,,,,,
bjälklagskonstruktion_med_stomme_av_balkar,distributionstransformator,isolationstransformator,spänningstransformator,,,,,,,,,,,,,,,,,,,,,,,,,,,,,,,,,,,,,,,,,,,,,,,
bjälklagskonstruktion_med_stomme_av_balkar,demonstrationsanläggning,konstruktionselement,konstruktionsförändring,konstruktionshandling,konstruktionslösning,konstruktionsmaterial,konstruktionsprincip,konstruktionsritning,konstruktionsunderlag,konstruktionsuppgift,konstruktionsändring,,,,,,,,,,,,,,,,,,,,,,,,,,,,,,,,,,,,,,,
bjälklagskonstruktion_med_stomme_av_balkar,bankonstruktion,dammkonstruktion,fasadkonstruktion,fältobservation,gaskoncentration,glaskonstruktion,golvkonstruktion,lättviktskonstruktion,markkonstruktion,maskininstallation,maskinkonstruktion,metallkonstruktion,ramkonstruktion,riskkonstruktion,rörkonstruktion,specialkonstruktion,stomkonstruktion,stålkonstruktion,stödkonstruktion,takkonstruktion,takstolskonstruktion,trappkonstruktion,träkonstruktion,typkonstruktion,,,,,,,,,,,,,,,,,,,,,,,,,,
bjälklagskonstruktion_med_stomme_av_balkar,algsituation,bandtraktor,betongproduktion,biogasproduktion,constructor,destruktion,driftinstruktion,elkonstruktion,elkonsumtion,huskonstruktion,instruktion,konstruksjon,konstruktion,konstrunda,kontrollmetod,köttkonsumtion,landtbruksskola,vägkonstruktion,,,,,,,,,,,,,,,,,,,,,,,,,,,,,,,,
bjälklagskonstruktion_med_stomme_av_balkar,konkurrensvillkor,kontraktsarbete,kontraktshandling,kontraktskommitté,kontraktssumma,kontraktsvillkor,,,,,,,,,,,,,,,,,,,,,,,,,,,,,,,,,,,,,,,,,,,,
bjälklagskonstruktion_med_stomme_av_balkar,arbetstemperatur,blandningstemperatur,daggpunktstemperatur,förvaringstemperatur,inomhustemperatur,kylvattentemperatur,lagringstemperatur,larminstallatör,omgivningstemperatur,utomhustemperatur,,,,,,,,,,,,,,,,,,,,,,,,,,,,,,,,,,,,,,,,
bjälklagskonstruktion_med_stomme_av_balkar,luftkonditionerare,luftkonditioneringsaggregat,luftkonditioneringsapparat,luftkonditioneringssystem,,,,,,,,,,,,,,,,,,,,,,,,,,,,,,,,,,,,,,,,,,,,,,
bjälklagskonstruktion_med_stomme_av_balkar,arbetsinstruktion,handhavandeinstruktion,marknadsintroduktion,skyddsinstruktion,skyddskonstruktion,skötselinstruktion,säkerhetsinstruktion,,,,,,,,,,,,,,,,,,,,,,,,,,,,,,,,,,,,,,,,,,,
bjälklagskonstruktion_med_stomme_av_balkar,aluminiumkonstruktion,användarinstruktion,energikonsumtion,fordonskonstruktion,fönsterkonstruktion,grundkonstruktion,juldekoration,limträkonstruktion,sandwichkonstruktion,tunnelkonstruktion,underhållsinstruktion,underkonstruktion,utomhuskonstruktion,,,,,,,,,,,,,,,,,,,,,,,,,,,,,,,,,,,,,
bjälklagskonstruktion_med_stomme_av_balkar,absorptionsfaktor,absorptionsförmåga,absorptionskyla,absorptionskylmaskin,automationsingenjör,friktionsfaktor,korrektionsfaktor,laborationsrapport,sorptionsavfuktare,,,,,,,,,,,,,,,,,,,,,,,,,,,,,,,,,,,,,,,,,
bjälklagskonstruktion_med_stomme_av_balkar,administrationsavgift,administrationskostnad,administrationsverktyg,demonstrationsprojekt,infiltrationskapacitet,,,,,,,,,,,,,,,,,,,,,,,,,,,,,,,,,,,,,,,,,,,,,
bjälklagskonstruktion_med_stomme_av_balkar,antändningstemperatur,användningstemperatur,framledningstemperatur,förbränningstemperatur,förångningstemperatur,kondenseringstemperatur,självantändningstemperatur,,,,,,,,,,,,,,,,,,,,,,,,,,,,,,,,,,,,,,,,,,,
bjälklagskonstruktion_med_stomme_av_balkar,flygkontrollsystem,flygkontrolltjänst,tungkontrollkontakt,,,,,,,,,,,,,,,,,,,,,,,,,,,,,,,,,,,,,,,,,,,,,,,
bjälklagskonstruktion_med_stomme_av_balkar,funktionshindersorganisation,funktionshinderspolitik,,,,,,,,,,,,,,,,,,,,,,,,,,,,,,,,,,,,,,,,,,,,,,,,
bjälklagskonstruktion_med_stomme_av_balkar,anslagstavla,fastighetsmäklare,fastighetsteknik,fastighetstekniker,glasfiberstav,griffeltavla,hastighetsmätarvajer,hastighetsregulator,hastighetsstandard,hastighetstavla,höghastighetsbana,höghastighetstrafik,rättighetshavar,signalpunktstavla,tillgänglighetsanpassa,,,,,,,,,,,,,,,,,,,,,,,,,,,,,,,,,,,
bjälklagskonstruktion_med_stomme_av_balkar,beklädnadsmaterial,dekorationsmaterial,dokumentationsmaterial,friktionsmaterial,informationsmaterial,installationsmaterial,isolationsavstånd,isolationsmaterial,isoleringsmaterial,presentationsmaterial,,,,,,,,,,,,,,,,,,,,,,,,,,,,,,,,,,,,,,,,
bjälklagskonstruktion_med_stomme_av_balkar,koncessionshavar,nätkoncessionshavar,,,,,,,,,,,,,,,,,,,,,,,,,,,,,,,,,,,,,,,,,,,,,,,,
bjälklagskonstruktion_med_stomme_av_balkar,basinformation,besöksinformation,bokningsinformation,butiksinformation,företagsinformation,konsumentinformation,kontaktinformation,kontaktledningsstolpe,kontaktorkombination,räkenskapsinformation,,,,,,,,,,,,,,,,,,,,,,,,,,,,,,,,,,,,,,,,
bjälklagskonstruktion_med_stomme_av_balkar,laboratorieanalys,laboratorielokal,laboratorieresultat,laboratorieskala,,,,,,,,,,,,,,,,,,,,,,,,,,,,,,,,,,,,,,,,,,,,,,
bjälklagskonstruktion_med_stomme_av_balkar,batterivärmeväxlare,korsströmsvärmeväxlare,motströmsvärmeväxlare,,,,,,,,,,,,,,,,,,,,,,,,,,,,,,,,,,,,,,,,,,,,,,,
bjälklagskonstruktion_med_stomme_av_balkar,ekonomikontor,fläktkonvektor,källarfönster,mäklarkontor,rökgaskondensor,,,,,,,,,,,,,,,,,,,,,,,,,,,,,,,,,,,,,,,,,,,,,
bjälklagskonstruktion_med_stomme_av_balkar,identifikationsnummer,kontonummer,momsregistreringsnummer,organisationsnummer,polarisationsfilter,positionsnummer,positionssensor,positionsstol,,,,,,,,,,,,,,,,,,,,,,,,,,,,,,,,,,,,,,,,,,
bjälklagskonstruktion_med_stomme_av_balkar,bänkdiskmaskin,lantbruksmaskin,likströmsmaskin,skogsbruksfastighet,skogsbruksmaskin,skogsbruksministerium,skogsbruksplan,skogsförsöksanstalt,skogstjänsteman,slagskruvdragare,,,,,,,,,,,,,,,,,,,,,,,,,,,,,,,,,,,,,,,,
bjälklagskonstruktion_med_stomme_av_balkar,elsäkerhetsbestämmelse,energiöverenskommelse,sekretessbestämmelse,säkerhetsbestämmelse,säkerhetsrekommendation,trafiksäkerhetsbestämmelse,varsamhetsbestämmelse,,,,,,,,,,,,,,,,,,,,,,,,,,,,,,,,,,,,,,,,,,,
bjälklagskonstruktion_med_stomme_av_balkar,asynkrongenerator,asynkronmaskin,asynkronmotor,blyackumulator,elektromotor,gaskromatografi,gasturbinmotor,,,,,,,,,,,,,,,,,,,,,,,,,,,,,,,,,,,,,,,,,,,
bjälklagskonstruktion_med_stomme_av_balkar,aktionsplan,applikationsområde,auctioneer,auktionsbyrå,auktionsfirma,auktionskammare,auktionslista,auktionsobjekt,auktionsobjekten,auktionsverk,backtagningsförmåga,funktionsförmåga,julklappsrim,stationssträcka,,,,,,,,,,,,,,,,,,,,,,,,,,,,,,,,,,,,
bjälklagskonstruktion_med_stomme_av_balkar,bakgrundsbild,bakgrundsdokument,bakgrundsljus,bakgrundsnivå,bärgningsbil,inackorderingstillägg,,,,,,,,,,,,,,,,,,,,,,,,,,,,,,,,,,,,,,,,,,,,
bjälklagskonstruktion_med_stomme_av_balkar,ambulanstransport,assistansbolag,balansansvar,baskunskap,betalningsansvar,bildkavalkad,bolagsjurist,fakultetsanslag,flygplatstransfer,förslagsställar,hälsogranskare,kanalisationsrör,skadeståndsansvar,tillsynsansvar,,,,,,,,,,,,,,,,,,,,,,,,,,,,,,,,,,,,
bjälklagskonstruktion_med_stomme_av_balkar,balkongfront,bassortiment,basstation,bensinmotordriven,bladornament,butikssortiment,byggsortiment,dagtraktamente,fullsortimentsbutik,katastrofmedicinsk,,,,,,,,,,,,,,,,,,,,,,,,,,,,,,,,,,,,,,,,
bjälklagskonstruktion_med_stomme_av_balkar,avkastningskrav,avlastningsventil,befattningshavare,belastningsergonomi,belastningsfaktor,belastningsfall,belastningsförlust,belastningsförmåga,belastningskapacitet,belastningsprov,belastningspunkt,belastningsskada,belastningstid,belysningsplan,bergslagsdiagonal,bolagsstyrningsrapport,flottningskanal,industriavfall,klassningsplan,lagstiftningsförslag,,,,,,,,,,,,,,,,,,,,,,,,,,,,,,
bjälklagskonstruktion_med_stomme_av_balkar,betalningsinformation,betalningsleverantör,betaltjänstleverantör,bredbandsleverantör,fjärrvärmeleverantör,tjänsteleverantör,,,,,,,,,,,,,,,,,,,,,,,,,,,,,,,,,,,,,,,,,,,,
bjälklagskonstruktion_med_stomme_av_balkar,anställningsvillkor,betalningsmottagare,betalningsorder,betalningstransaktion,betalningsvilja,betalningsvillkor,betraktningsvinkel,bevakningsobjekt,utlösningsvillkor,,,,,,,,,,,,,,,,,,,,,,,,,,,,,,,,,,,,,,,,,
bjälklagskonstruktion_med_stomme_av_balkar,antagningsstatistik,bergslagsdistrikt,besöksstatistik,betongvaruindustri,bloggstatistik,bordstablett,branschstatistik,mäklarstatistik,registreringsstatistik,,,,,,,,,,,,,,,,,,,,,,,,,,,,,,,,,,,,,,,,,
bjälklagskonstruktion_med_stomme_av_balkar,bostadsrättshavar,bostadsrättshavare,bostadsrättsinnehavare,nyttjanderättsavtal,nyttjanderättshavar,,,,,,,,,,,,,,,,,,,,,,,,,,,,,,,,,,,,,,,,,,,,,
bjälklagskonstruktion_med_stomme_av_balkar,bänkskruvstycke,kontaktmunstycke,maskinskruvstycke,,,,,,,,,,,,,,,,,,,,,,,,,,,,,,,,,,,,,,,,,,,,,,,
bjälklagskonstruktion_med_stomme_av_balkar,dekorationsband,dekorationsslinga,dekorationssten,dilatationsfog,expropriationslag,generationsmål,observationsstudie,reparationshandbok,situationsplan,,,,,,,,,,,,,,,,,,,,,,,,,,,,,,,,,,,,,,,,,
bjälklagskonstruktion_med_stomme_av_balkar,fastighetsförmedling,fastighetsförvaltare,fastighetsinnehavare,stationsförvaltare,,,,,,,,,,,,,,,,,,,,,,,,,,,,,,,,,,,,,,,,,,,,,,
bjälklagskonstruktion_med_stomme_av_balkar,bytesintervall,frekvensintervall,hämtningsintervall,kokpunktsintervall,konfidensintervall,spänningsintervall,storleksintervall,temperaturintervall,,,,,,,,,,,,,,,,,,,,,,,,,,,,,,,,,,,,,,,,,,
bjälklagskonstruktion_med_stomme_av_balkar,anslagsmedel,avkalkningsmedel,fakultetsmedel,finansieringsmodell,flockningsmedel,forskningsmetodik,fyllningsmassa,fyllningsmaterial,fälgdiameter,fällningskemikalie,fällningsmedel,fästingmedel,maskindiskmedel,,,,,,,,,,,,,,,,,,,,,,,,,,,,,,,,,,,,,
bjälklagskonstruktion_med_stomme_av_balkar,borttagningsmedel,flygbesättningsmedlem,fläckborttagningsmedel,färgborttagningsmedel,,,,,,,,,,,,,,,,,,,,,,,,,,,,,,,,,,,,,,,,,,,,,,
bjälklagskonstruktion_med_stomme_av_balkar,godstransportarbete,persontransportarbete,,,,,,,,,,,,,,,,,,,,,,,,,,,,,,,,,,,,,,,,,,,,,,,,
bjälklagskonstruktion_med_stomme_av_balkar,hälsoskyddsföreskrift,hälsoskyddsförvaltning,hälsoskyddsinspektör,hälsoskyddskontor,hälsoskyddsmyndighet,hälsoskyddsnämnd,hälsoskyddsområde,,,,,,,,,,,,,,,,,,,,,,,,,,,,,,,,,,,,,,,,,,,
bjälklagskonstruktion_med_stomme_av_balkar,hjälpmedelscentral,hälsovårdscentral,hälsovårdsministerium,hälsovårdstjänst,,,,,,,,,,,,,,,,,,,,,,,,,,,,,,,,,,,,,,,,,,,,,,
bjälklagskonstruktion_med_stomme_av_balkar,infrastrukturavgift,infrastrukturbolag,infrastrukturförvaltare,infrastrukturinvestering,infrastrukturkapacitet,infrastrukturplan,,,,,,,,,,,,,,,,,,,,,,,,,,,,,,,,,,,,,,,,,,,,
bjälklagskonstruktion_med_stomme_av_balkar,desinfektionsrum,induktionslampa,injektionsflaska,inspektionsbrunn,inspektionslucka,inspektionsrapport,inspektionsverksamhet,inspirationsmiljö,pulsrepetitionsfrekvens,,,,,,,,,,,,,,,,,,,,,,,,,,,,,,,,,,,,,,,,,
bjälklagskonstruktion_med_stomme_av_balkar,bestemmelser,grästrimmer,industrikompressor,inklinometer,instrumentarium,instrumentbelysning,instrumenter,instrumentkabel,instrumentpanel,instrumentskåp,instrumenttavla,instrumenttillbehör,läsarkommentar,stjärnskruvmejsel,,,,,,,,,,,,,,,,,,,,,,,,,,,,,,,,,,,,
bjälklagskonstruktion_med_stomme_av_balkar,kommunikationskabel,kommunikationsoperatör,kommunikationsstandard,kommunikationsteknik,,,,,,,,,,,,,,,,,,,,,,,,,,,,,,,,,,,,,,,,,,,,,,
bjälklagskonstruktion_med_stomme_av_balkar,barnsjuksköterska,frukostseminarier,kalkcementpelare,konsumentkontakt,konsumentköplag,konsumenttjänstlag,konsumentverk,konsumentvägledare,kontinentalbana,skorstensverkan,,,,,,,,,,,,,,,,,,,,,,,,,,,,,,,,,,,,,,,,
bjälklagskonstruktion_med_stomme_av_balkar,annonsmaterial,butiksmaterial,forntidsmänniska,järnvägsmaterial,koncernmoderbolag,konsortialavtal,konstnärsmaterial,kontaktormotorskydd,kontorsmaterial,kontrollcentral,kontrollverksamhet,,,,,,,,,,,,,,,,,,,,,,,,,,,,,,,,,,,,,,,
bjälklagskonstruktion_med_stomme_av_balkar,deformationsegenskap,hållfasthetsegenskap,isoleringsegenskap,korrosionsegenskap,recensionsexemplar,,,,,,,,,,,,,,,,,,,,,,,,,,,,,,,,,,,,,,,,,,,,,
bjälklagskonstruktion_med_stomme_av_balkar,konsekvensanalys,kostnadsanalys,kostnadsansvar,kostnadskalkyl,kostnadsnyttoanalys,livscykelkostnadsanalys,,,,,,,,,,,,,,,,,,,,,,,,,,,,,,,,,,,,,,,,,,,,
bjälklagskonstruktion_med_stomme_av_balkar,autotransformator,bandtransportör,krafttransformator,skyddstransformator,strömtransformator,trefastransformator,,,,,,,,,,,,,,,,,,,,,,,,,,,,,,,,,,,,,,,,,,,,
bjälklagskonstruktion_med_stomme_av_balkar,bebyggelsestruktur,fackverkstakstol,färglaserskrivare,grönstruktur,kapitalstruktur,lagerstruktur,lantbrukstraktor,,,,,,,,,,,,,,,,,,,,,,,,,,,,,,,,,,,,,,,,,,,
bjälklagskonstruktion_med_stomme_av_balkar,bankningsvinkel,grindstolpe,lagningsmassa,lagringsmedia,lagringstank,lagringstanke,säkringsstorlek,,,,,,,,,,,,,,,,,,,,,,,,,,,,,,,,,,,,,,,,,,,
bjälklagskonstruktion_med_stomme_av_balkar,acceptanskontroll,anmärkningskontroll,beredskapskontroll,bordskontroll,flödeskontroll,föräldrakontroll,marknadskontroll,marknadskoordinator,marknadspotential,,,,,,,,,,,,,,,,,,,,,,,,,,,,,,,,,,,,,,,,,
bjälklagskonstruktion_med_stomme_av_balkar,miljökonsekvensbedömning,miljökonsekvensbeskrivning,,,,,,,,,,,,,,,,,,,,,,,,,,,,,,,,,,,,,,,,,,,,,,,,
bjälklagskonstruktion_med_stomme_av_balkar,konduktivitetsmätare,luftfuktighetsmätare,multifunktionsinstrument,multifunktionsmätare,multifunktionsskrivare,,,,,,,,,,,,,,,,,,,,,,,,,,,,,,,,,,,,,,,,,,,,,
bjälklagskonstruktion_med_stomme_av_balkar,ansvarsbestämmelse,avtalsbestämmelse,byggbestämmelse,detaljplanebestämmelse,genomförandebestämmelse,kontrollbestämmelse,leveransbestämmelse,planbestämmelse,slutbestämmelse,straffbestämmelse,tjänsteskrivelse,trafikbestämmelse,undantagsbestämmelse,,,,,,,,,,,,,,,,,,,,,,,,,,,,,,,,,,,,,
bjälklagskonstruktion_med_stomme_av_balkar,bearbetningsmaskin,bilningsmaskin,blandningsmaskin,digitaliseringskommission,fleroperationsmaskin,frankeringsmaskin,klassificeringssällskap,orienteringstavla,plankorsningsolycka,planteringsmaskin,,,,,,,,,,,,,,,,,,,,,,,,,,,,,,,,,,,,,,,,
bjälklagskonstruktion_med_stomme_av_balkar,departementspromemoria,personkilometer,plattformstak,potentiometer,trimpotentiometer,vattenförekomster,,,,,,,,,,,,,,,,,,,,,,,,,,,,,,,,,,,,,,,,,,,,
bjälklagskonstruktion_med_stomme_av_balkar,elproduktionsanläggning,elproduktionsenhet,induktionshäll,induktionsspole,introduktionskurs,produktionsbortfall,produktionscell,produktionsdatum,produktionsfel,produktionshall,produktionskalkyl,produktionsledare,produktionslokal,produktionsmaskin,produktionsmiljö,produktionsplan,produktionsresultat,produktionsschema,produktionsstart,produktionsstyrelse,produktionsställe,reduktionstal,,,,,,,,,,,,,,,,,,,,,,,,,,,,
bjälklagskonstruktion_med_stomme_av_balkar,exploateringskontor,induktionsmotor,näringslivskontor,produktionsingenjör,produktionskedja,produktionskontor,produktionskontroll,produktionsmetod,produktionsplanerare,produktionsstopp,produktionssystem,produktionsteknik,revisionskontor,,,,,,,,,,,,,,,,,,,,,,,,,,,,,,,,,,,,,
bjälklagskonstruktion_med_stomme_av_balkar,byggsanktionsavgift,depositionsavgift,felparkeringsavgift,miljösanktionsavgift,sanktionsavgift,sanktionssystem,sektionsradiator,,,,,,,,,,,,,,,,,,,,,,,,,,,,,,,,,,,,,,,,,,,
bjälklagskonstruktion_med_stomme_av_balkar,självkostnadsprincip,självkostnadspris,,,,,,,,,,,,,,,,,,,,,,,,,,,,,,,,,,,,,,,,,,,,,,,,
bjälklagskonstruktion_med_stomme_av_balkar,frekvensomvandlare,spänningskoncentration,spänningsomvandlare,,,,,,,,,,,,,,,,,,,,,,,,,,,,,,,,,,,,,,,,,,,,,,,
bjälklagskonstruktion_med_stomme_av_balkar,starkströmskabel,strukturmekanik,svagströmskabel,,,,,,,,,,,,,,,,,,,,,,,,,,,,,,,,,,,,,,,,,,,,,,,
bjälklagskonstruktion_med_stomme_av_balkar,datakommunikationssystem,telekommunikationsområde,telekommunikationssystem,,,,,,,,,,,,,,,,,,,,,,,,,,,,,,,,,,,,,,,,,,,,,,,
bjälklagskonstruktion_med_stomme_av_balkar,hållfasthetsparameter,kassettbandspelare,kortinnehavare,skadeståndstalan,tillskottsvärme,tillståndsansökan,tillståndshavar,tillståndshavare,tillståndsinnehavare,tillståndsvillkor,tjänsteinnehavare,,,,,,,,,,,,,,,,,,,,,,,,,,,,,,,,,,,,,,,
bjälklagskonstruktion_med_stomme_av_balkar,mjölkningsmaskin,tillverkningsmaskin,tillverkningsnummer,tillverkningstolerans,äggkläckningsmaskin,,,,,,,,,,,,,,,,,,,,,,,,,,,,,,,,,,,,,,,,,,,,,
bjälklagskonstruktion_med_stomme_av_balkar,brandredskap,branschkunskap,transportemballage,transportinfrastruktur,transportredskap,,,,,,,,,,,,,,,,,,,,,,,,,,,,,,,,,,,,,,,,,,,,,
bjälklagskonstruktion_med_stomme_av_balkar,författningsbestämmelse,hushållningsbestämmelse,kundtillfredsställelse,strandskyddsbestämmelse,tilläggsbestämmelse,tillämpningsbestämmelse,tävlingsbestämmelse,,,,,,,,,,,,,,,,,,,,,,,,,,,,,,,,,,,,,,,,,,,
bjälklagskonstruktion_med_stomme_av_balkar,automationsteknik,installationsteknik,presentationsteknik,ventilationsdetalj,ventilationsinstallation,ventilationskanal,ventilationskontroll,ventilationsskorsten,ventilationsteknik,ventilationstekniker,ventilationstillbehör,ventilationstrumma,,,,,,,,,,,,,,,,,,,,,,,,,,,,,,,,,,,,,,
bjälklagskonstruktion_med_stomme_av_balkar,bränsletrycksregulator,likströmsgenerator,växelströmsgenerator,,,,,,,,,,,,,,,,,,,,,,,,,,,,,,,,,,,,,,,,,,,,,,,
bjälklagskonstruktion_med_stomme_av_balkar,anläggningsmarknad,anläggningsmaskin,anläggningsnummer,anläggningsteknik,belysningsteknik,bevattningsteknik,grundläggningsteknik,,,,,,,,,,,,,,,,,,,,,,,,,,,,,,,,,,,,,,,,,,,
bjälklagskonstruktion_med_stomme_av_balkar,ankomsttidpunkt,anslutningsakt,anslutningsavgift,anslutningsavtal,anslutningsdel,anslutningskabel,anslutningsklämma,anslutningskontakt,anslutningsskena,anställningsbarhet,diskonteringsränta,,,,,,,,,,,,,,,,,,,,,,,,,,,,,,,,,,,,,,,
bjälklagskonstruktion_med_stomme_av_balkar,ansökningsförfarande,auktionsförfarande,granskningsförfarande,,,,,,,,,,,,,,,,,,,,,,,,,,,,,,,,,,,,,,,,,,,,,,,
bjälklagskonstruktion_med_stomme_av_balkar,ansiktsbehandling,anslutningskoppling,ansökningshandling,antikvitetshandlare,granskningshandling,,,,,,,,,,,,,,,,,,,,,,,,,,,,,,,,,,,,,,,,,,,,,
bjälklagskonstruktion_med_stomme_av_balkar,ansökningsdatum,ansökningsformulär,ansökningsmål,ansökningsomgång,anteckningsblock,avstämningsbolag,granskningsexemplar,,,,,,,,,,,,,,,,,,,,,,,,,,,,,,,,,,,,,,,,,,,
bjälklagskonstruktion_med_stomme_av_balkar,apotekspersonal,bevakningspersonal,brandbekämpningspersonal,butikspersonal,tjänstepersonal,,,,,,,,,,,,,,,,,,,,,,,,,,,,,,,,,,,,,,,,,,,,,
bjälklagskonstruktion_med_stomme_av_balkar,applikationsutveckling,destinationsutveckling,produktionsutveckling,,,,,,,,,,,,,,,,,,,,,,,,,,,,,,,,,,,,,,,,,,,,,,,
bjälklagskonstruktion_med_stomme_av_balkar,artikelkommentar,artikelnummer,artikelregister,bankgironummer,chassinummer,partikelstorlek,,,,,,,,,,,,,,,,,,,,,,,,,,,,,,,,,,,,,,,,,,,,
bjälklagskonstruktion_med_stomme_av_balkar,bakgrundsbelysning,bakgrundsbeskrivning,bakgrundsstörning,funktionsbeskrivning,högskoleundervisning,järnvägsnätsbeskrivning,,,,,,,,,,,,,,,,,,,,,,,,,,,,,,,,,,,,,,,,,,,,
bjälklagskonstruktion_med_stomme_av_balkar,balansomslutning,balansräkning,balansträning,balkongrenovering,ballastrening,basketutrustning,biblioteksinredning,bolagsordning,bolagsstyrning,brandsektionering,förlagsinteckning,mellanstrykning,,,,,,,,,,,,,,,,,,,,,,,,,,,,,,,,,,,,,,
bjälklagskonstruktion_med_stomme_av_balkar,audiometer,badrumsfönster,bakrutetorkare,bakteriefilter,barometer,barometertryck,basläromedel,begagnattest,beställarkompetens,biodrivmedel,borrdiameter,bromstrumma,elastomerer,galvanometer,handbromsvajer,järnmetall,skruvdiameter,,,,,,,,,,,,,,,,,,,,,,,,,,,,,,,,,
bjälklagskonstruktion_med_stomme_av_balkar,avfallshanteringssystem,belastningsregister,belysningsarmatur,belysningseffekt,belysningsinstallation,belysningskrav,belysningsstolpe,belysningsstyrka,belysningssystem,belysningsändamål,beläggningssystem,datalagringssystem,klassningssystem,,,,,,,,,,,,,,,,,,,,,,,,,,,,,,,,,,,,,
bjälklagskonstruktion_med_stomme_av_balkar,anläggningsarbetare,beläggningsarbete,beläggningslager,beläggningstjocklek,bildskärmsarbete,granskningsarbete,,,,,,,,,,,,,,,,,,,,,,,,,,,,,,,,,,,,,,,,,,,,
bjälklagskonstruktion_med_stomme_av_balkar,begränsningsregel,beräkningsexempel,beräkningsformel,beräkningsmall,beräkningsmetodik,beräkningsmodell,beräkningsresultat,beräkningssektion,beräkningsstandard,beskrivningstext,bullerskyddsvall,heltäckningsmatta,,,,,,,,,,,,,,,,,,,,,,,,,,,,,,,,,,,,,,
bjälklagskonstruktion_med_stomme_av_balkar,beslutsunderlag,betongunderlag,budgetunderlag,diskussionsunderlag,faktaunderlag,kunskapsunderlag,,,,,,,,,,,,,,,,,,,,,,,,,,,,,,,,,,,,,,,,,,,,
bjälklagskonstruktion_med_stomme_av_balkar,anställningsskyddslag,beräkningsunderlag,beskattningsunderlag,beställningscentral,beställningssortiment,beställningsunderlag,inriktningsunderlag,planeringsunderlag,,,,,,,,,,,,,,,,,,,,,,,,,,,,,,,,,,,,,,,,,,
bjälklagskonstruktion_med_stomme_av_balkar,bostadsanpassningsbidrag,bostadsförsörjningsprogram,,,,,,,,,,,,,,,,,,,,,,,,,,,,,,,,,,,,,,,,,,,,,,,,
bjälklagskonstruktion_med_stomme_av_balkar,bangårdsombyggnad,bokstavsbarn,bostadskostnad,bostadsmarknad,bostadsorganisation,bostadstomt,bränslekostnad,konsultkostnad,,,,,,,,,,,,,,,,,,,,,,,,,,,,,,,,,,,,,,,,,,
bjälklagskonstruktion_med_stomme_av_balkar,brandgasventilation,brandgasventilator,bränsledeklaration,,,,,,,,,,,,,,,,,,,,,,,,,,,,,,,,,,,,,,,,,,,,,,,
bjälklagskonstruktion_med_stomme_av_balkar,bokningsnummer,byggnadskomponent,byggnadsmekanik,byggnadsnummer,byggnadsstomme,godkännandenummer,,,,,,,,,,,,,,,,,,,,,,,,,,,,,,,,,,,,,,,,,,,,
bjälklagskonstruktion_med_stomme_av_balkar,betongstomme,bilbarnstol,blästermedel,bolltistel,bränsletillförsel,bältesstol,bältessträckare,bältesväska,fönsterstorlek,intressebolag,jämförelsetabell,timmerstomme,,,,,,,,,,,,,,,,,,,,,,,,,,,,,,,,,,,,,,
bjälklagskonstruktion_med_stomme_av_balkar,automationssystem,distributionscentral,distributionselektriker,distributionssystem,dokumentationssystem,presentationssystem,värmedistributionssystem,,,,,,,,,,,,,,,,,,,,,,,,,,,,,,,,,,,,,,,,,,,
bjälklagskonstruktion_med_stomme_av_balkar,aktivitetsarmband,elasticitetsmodul,elasticitetsteori,,,,,,,,,,,,,,,,,,,,,,,,,,,,,,,,,,,,,,,,,,,,,,,
bjälklagskonstruktion_med_stomme_av_balkar,agenturhandel,bilelektronik,elektrolytkondensator,elektromekanik,elektronikavfall,elektronikdel,elektroniksystem,elektroniktillbehör,kollektivtrafikresenär,,,,,,,,,,,,,,,,,,,,,,,,,,,,,,,,,,,,,,,,,
bjälklagskonstruktion_med_stomme_av_balkar,analysinstrument,avvägningsinstrument,betalningsinstrument,bjälklagselement,bomullsstrumpa,bröllopspresent,elinstrument,elkonsument,handinstrument,kontrollinstrument,laserinstrument,,,,,,,,,,,,,,,,,,,,,,,,,,,,,,,,,,,,,,,
bjälklagskonstruktion_med_stomme_av_balkar,arrendeavtal,entreprenadavtal,entreprenadsumma,genomförandeavtal,intresseanmälan,,,,,,,,,,,,,,,,,,,,,,,,,,,,,,,,,,,,,,,,,,,,,
bjälklagskonstruktion_med_stomme_av_balkar,chicagokonvention,dekompressionsventil,expansionsmodul,expansionsutrymme,expansionsventil,explosionsrisk,explosionssäker,transfusionsmedicin,,,,,,,,,,,,,,,,,,,,,,,,,,,,,,,,,,,,,,,,,,
bjälklagskonstruktion_med_stomme_av_balkar,fordonskilometer,fordonsregister,fordonstekniker,företagsregister,kassaregister,mellanregister,skorstensfejarmästare,vägtrafikregister,värmekonduktivitet,äktenskapsregister,,,,,,,,,,,,,,,,,,,,,,,,,,,,,,,,,,,,,,,,
bjälklagskonstruktion_med_stomme_av_balkar,brandskyddsmedel,flamskyddsmedel,frostskyddsmedel,frostskyddsvätska,fönsterputsmedel,,,,,,,,,,,,,,,,,,,,,,,,,,,,,,,,,,,,,,,,,,,,,
bjälklagskonstruktion_med_stomme_av_balkar,fabrikationsfel,fackverksbalk,friktionsbelägg,friktionskoppling,friktionsvinkel,funktionsblock,funktionsdetalj,funktionsfel,funktionsmeny,funktionsmodell,funktionsmål,funktionsnedsatt,funktionstangent,isolationsfel,,,,,,,,,,,,,,,,,,,,,,,,,,,,,,,,,,,,